id,project_id,task_name,task_type,status,baseline_start,type,base_cost,total_cost,risk_factor,duration_months,duration_weeks,duration_days,duration_hours,calendar_type,internal_labor_cost,overtime_cost,equipment_fuel_cost,qa_qc_cost,material_cost,outsourcing_cost,training_cost,facility_rent,communication_cost,utilities_cost,insurance_cost,licensing_cost,warranty_cost,complexity,weather_contingency,general_contingency,rework_risk,holding_cost,international_freight,handling_cost,reverse_logistics,defect_cost,overtime_hours,lag_time,metadata_json
16_14,16,Manhole covers,,Pending,2012-05-04 07:00:00,,4575.00,5718.75,1.2500,0.00,0.00,1.00,0.00,,0.00,0.00,1575.00,0.00,3000.00,0.00,0.00,0.00,0.00,0.00,0.00,0.00,0.00,0.0500,0.1500,0.0500,0.0000,0.00,0.00,0.00,0.00,0.00,0.00,,{}
16_49,16,Topsoil removal and clearing subbase,,Pending,2012-11-20 07:00:00,,5535.00,6918.75,1.2500,0.00,0.00,3.00,0.00,,0.00,0.00,5535.00,0.00,0.00,0.00,0.00,0.00,0.00,0.00,0.00,0.00,0.00,0.0500,0.1500,0.0500,0.0000,0.00,0.00,0.00,0.00,0.00,0.00,,{}
16_12,16,Culverts concrete aging,,Pending,2012-05-07 07:00:00,,0.00,0.00,1.2500,0.00,0.00,10.00,0.00,,0.00,0.00,0.00,0.00,0.00,0.00,0.00,0.00,0.00,0.00,0.00,0.00,0.00,0.0500,0.1500,0.0500,0.0000,0.00,0.00,0.00,0.00,0.00,0.00,,{}
16_17,16,Digging,,Pending,2012-05-30 07:00:00,,49392.00,61740.00,1.2500,0.00,0.00,8.00,0.00,,0.00,0.00,49392.00,0.00,0.00,0.00,0.00,0.00,0.00,0.00,0.00,0.00,0.00,0.0500,0.1500,0.0500,0.0000,0.00,0.00,0.00,0.00,0.00,0.00,,{}
16_19,16,Road embankments,,Pending,2012-05-07 07:00:00,,162865.00,203581.25,1.2500,0.00,0.00,17.00,0.00,,0.00,0.00,107865.00,0.00,55000.00,0.00,0.00,0.00,0.00,0.00,0.00,0.00,0.00,0.0500,0.1500,0.0500,0.0000,0.00,0.00,0.00,0.00,0.00,0.00,,{}
16_2,16,Clearing site,,Pending,2012-04-13 07:00:00,,4860.00,6075.00,1.2500,0.00,0.00,2.00,0.00,,0.00,0.00,4860.00,0.00,0.00,0.00,0.00,0.00,0.00,0.00,0.00,0.00,0.00,0.0500,0.1500,0.0500,0.0000,0.00,0.00,0.00,0.00,0.00,0.00,,{}
16_20,16,Sound barriers,,Pending,2012-05-30 07:00:00,,26150.00,32687.50,1.2500,0.00,0.00,2.00,0.00,,0.00,0.00,3150.00,0.00,23000.00,0.00,0.00,0.00,0.00,0.00,0.00,0.00,0.00,0.0500,0.1500,0.0500,0.0000,0.00,0.00,0.00,0.00,0.00,0.00,,{}
16_22,16,Longitudinal drains (ditches),,Pending,2012-06-11 07:00:00,,13785.00,17231.25,1.2500,0.00,0.00,5.00,0.00,,0.00,0.00,12285.00,0.00,1500.00,0.00,0.00,0.00,0.00,0.00,0.00,0.00,0.00,0.0500,0.1500,0.0500,0.0000,0.00,0.00,0.00,0.00,0.00,0.00,,{}
16_24,16,Plinths excavation,,Pending,2012-06-18 07:00:00,,2772.00,3465.00,1.2500,0.00,0.00,1.00,0.00,,0.00,0.00,2772.00,0.00,0.00,0.00,0.00,0.00,0.00,0.00,0.00,0.00,0.00,0.0500,0.1500,0.0500,0.0000,0.00,0.00,0.00,0.00,0.00,0.00,,{}
16_25,16,Pouring piles frameworks and drilling,,Pending,2012-06-19 07:00:00,,204580.00,255725.00,1.2500,0.00,0.00,4.00,0.00,,0.00,0.00,14580.00,0.00,190000.00,0.00,0.00,0.00,0.00,0.00,0.00,0.00,0.00,0.0500,0.1500,0.0500,0.0000,0.00,0.00,0.00,0.00,0.00,0.00,,{}
16_26,16,Piles concrete aging,,Pending,2012-06-25 07:00:00,,0.00,0.00,1.2500,0.00,0.00,10.00,0.00,,0.00,0.00,0.00,0.00,0.00,0.00,0.00,0.00,0.00,0.00,0.00,0.00,0.00,0.0500,0.1500,0.0500,0.0000,0.00,0.00,0.00,0.00,0.00,0.00,,{}
16_27,16,Making of plinths (pouring frameworks and concrete casting),,Pending,2012-07-09 07:00:00,,104860.00,131075.00,1.2500,0.00,0.00,2.00,0.00,,0.00,0.00,4860.00,0.00,100000.00,0.00,0.00,0.00,0.00,0.00,0.00,0.00,0.00,0.0500,0.1500,0.0500,0.0000,0.00,0.00,0.00,0.00,0.00,0.00,,{}
16_28,16,Plinths concrete aging,,Pending,2012-07-11 07:00:00,,0.00,0.00,1.2500,0.00,0.00,10.00,0.00,,0.00,0.00,0.00,0.00,0.00,0.00,0.00,0.00,0.00,0.00,0.00,0.00,0.00,0.0500,0.1500,0.0500,0.0000,0.00,0.00,0.00,0.00,0.00,0.00,,{}
16_29,16,Making of pylons (pouring frameworks and concrete casting),,Pending,2012-07-25 07:00:00,,13430.00,16787.50,1.2500,0.00,0.00,1.00,0.00,,0.00,0.00,2430.00,0.00,11000.00,0.00,0.00,0.00,0.00,0.00,0.00,0.00,0.00,0.0500,0.1500,0.0500,0.0000,0.00,0.00,0.00,0.00,0.00,0.00,,{}
16_3,16,Levelling ground,,Pending,2012-04-17 07:00:00,,1845.00,2306.25,1.2500,0.00,0.00,1.00,0.00,,0.00,0.00,1845.00,0.00,0.00,0.00,0.00,0.00,0.00,0.00,0.00,0.00,0.00,0.0500,0.1500,0.0500,0.0000,0.00,0.00,0.00,0.00,0.00,0.00,,{}
16_30,16,Pylons concrete aging,,Pending,2012-07-26 07:00:00,,0.00,0.00,1.2500,0.00,0.00,10.00,0.00,,0.00,0.00,0.00,0.00,0.00,0.00,0.00,0.00,0.00,0.00,0.00,0.00,0.00,0.0500,0.1500,0.0500,0.0000,0.00,0.00,0.00,0.00,0.00,0.00,,{}
16_31,16,Making of shoulders (pouring frameworks and concrete casting),,Pending,2012-08-09 07:00:00,,83430.00,104287.50,1.2500,0.00,0.00,1.00,0.00,,0.00,0.00,2430.00,0.00,81000.00,0.00,0.00,0.00,0.00,0.00,0.00,0.00,0.00,0.0500,0.1500,0.0500,0.0000,0.00,0.00,0.00,0.00,0.00,0.00,,{}
16_32,16,Shoulders concrete aging,,Pending,2012-08-10 07:00:00,,0.00,0.00,1.2500,0.00,0.00,10.00,0.00,,0.00,0.00,0.00,0.00,0.00,0.00,0.00,0.00,0.00,0.00,0.00,0.00,0.00,0.0500,0.1500,0.0500,0.0000,0.00,0.00,0.00,0.00,0.00,0.00,,{}
16_33,16,Pouring prefabricated beam,,Pending,2012-08-24 07:00:00,,53575.00,66968.75,1.2500,0.00,0.00,1.00,0.00,,0.00,0.00,1575.00,0.00,52000.00,0.00,0.00,0.00,0.00,0.00,0.00,0.00,0.00,0.0500,0.1500,0.0500,0.0000,0.00,0.00,0.00,0.00,0.00,0.00,,{}
16_34,16,Making of slab (pouring frameworks and concrete casting),,Pending,2012-08-27 07:00:00,,25930.00,32412.50,1.2500,0.00,0.00,1.00,0.00,,0.00,0.00,2430.00,0.00,23500.00,0.00,0.00,0.00,0.00,0.00,0.00,0.00,0.00,0.0500,0.1500,0.0500,0.0000,0.00,0.00,0.00,0.00,0.00,0.00,,{}
16_35,16,Slab's concrete aging,,Pending,2012-08-28 07:00:00,,0.00,0.00,1.2500,0.00,0.00,10.00,0.00,,0.00,0.00,0.00,0.00,0.00,0.00,0.00,0.00,0.00,0.00,0.00,0.00,0.00,0.0500,0.1500,0.0500,0.0000,0.00,0.00,0.00,0.00,0.00,0.00,,{}
16_36,16,Making of embankments,,Pending,2012-09-11 07:00:00,,54720.00,68400.00,1.2500,0.00,0.00,12.00,0.00,,0.00,0.00,36720.00,0.00,18000.00,0.00,0.00,0.00,0.00,0.00,0.00,0.00,0.00,0.0500,0.1500,0.0500,0.0000,0.00,0.00,0.00,0.00,0.00,0.00,,{}
16_38,16,Embankments,,Pending,2012-06-26 07:00:00,,189155.00,236443.75,1.2500,0.00,0.00,19.00,0.00,,0.00,0.00,120555.00,0.00,68600.00,0.00,0.00,0.00,0.00,0.00,0.00,0.00,0.00,0.0500,0.1500,0.0500,0.0000,0.00,0.00,0.00,0.00,0.00,0.00,,{}
16_39,16,Sound barriers,,Pending,2012-07-23 07:00:00,,15750.00,19687.50,1.2500,0.00,0.00,2.00,0.00,,0.00,0.00,3150.00,0.00,12600.00,0.00,0.00,0.00,0.00,0.00,0.00,0.00,0.00,0.0500,0.1500,0.0500,0.0000,0.00,0.00,0.00,0.00,0.00,0.00,,{}
16_4,16,Containers placement,,Pending,2012-04-18 07:00:00,,1575.00,1968.75,1.2500,0.00,0.00,1.00,0.00,,0.00,0.00,1575.00,0.00,0.00,0.00,0.00,0.00,0.00,0.00,0.00,0.00,0.00,0.0500,0.1500,0.0500,0.0000,0.00,0.00,0.00,0.00,0.00,0.00,,{}
16_41,16,Demolitions,,Pending,2012-06-18 07:00:00,,3330.00,4162.50,1.2500,0.00,0.00,1.00,0.00,,0.00,0.00,3330.00,0.00,0.00,0.00,0.00,0.00,0.00,0.00,0.00,0.00,0.00,0.0500,0.1500,0.0500,0.0000,0.00,0.00,0.00,0.00,0.00,0.00,,{}
16_42,16,Topsoil removal and clearing subbase,,Pending,2012-06-19 07:00:00,,9225.00,11531.25,1.2500,0.00,0.00,5.00,0.00,,0.00,0.00,9225.00,0.00,0.00,0.00,0.00,0.00,0.00,0.00,0.00,0.00,0.00,0.0500,0.1500,0.0500,0.0000,0.00,0.00,0.00,0.00,0.00,0.00,,{}
16_46,16,Embankments,,Pending,2012-11-23 07:00:00,,93920.00,117400.00,1.2500,0.00,0.00,10.00,0.00,,0.00,0.00,61920.00,0.00,32000.00,0.00,0.00,0.00,0.00,0.00,0.00,0.00,0.00,0.0500,0.1500,0.0500,0.0000,0.00,0.00,0.00,0.00,0.00,0.00,,{}
16_48,16,Demolitions,,Pending,2012-11-19 07:00:00,,3330.00,4162.50,1.2500,0.00,0.00,1.00,0.00,,0.00,0.00,3330.00,0.00,0.00,0.00,0.00,0.00,0.00,0.00,0.00,0.00,0.00,0.0500,0.1500,0.0500,0.0000,0.00,0.00,0.00,0.00,0.00,0.00,,{}
16_5,16,Connection to network service,,Pending,2012-04-19 07:00:00,,1260.00,1575.00,1.2500,0.00,0.00,2.00,0.00,,0.00,0.00,1260.00,0.00,0.00,0.00,0.00,0.00,0.00,0.00,0.00,0.00,0.00,0.0500,0.1500,0.0500,0.0000,0.00,0.00,0.00,0.00,0.00,0.00,,{}
16_51,16,Carrying remaining soil,,Pending,2013-01-01 07:00:00,,44352.00,55440.00,1.2500,0.00,0.00,8.00,0.00,,0.00,0.00,44352.00,0.00,0.00,0.00,0.00,0.00,0.00,0.00,0.00,0.00,0.00,0.0500,0.1500,0.0500,0.0000,0.00,0.00,0.00,0.00,0.00,0.00,,{}
16_52,16,Terracing,,Pending,2012-12-24 07:00:00,,28284.00,35355.00,1.2500,0.00,0.00,6.00,0.00,,0.00,0.00,13284.00,0.00,15000.00,0.00,0.00,0.00,0.00,0.00,0.00,0.00,0.00,0.0500,0.1500,0.0500,0.0000,0.00,0.00,0.00,0.00,0.00,0.00,,{}
16_55,16,Draining trenches,,Pending,2013-01-11 07:00:00,,38285.00,47856.25,1.2500,0.00,0.00,5.00,0.00,,0.00,0.00,12285.00,0.00,26000.00,0.00,0.00,0.00,0.00,0.00,0.00,0.00,0.00,0.0500,0.1500,0.0500,0.0000,0.00,0.00,0.00,0.00,0.00,0.00,,{}
16_56,16,Catch water drains,,Pending,2013-01-18 07:00:00,,34696.00,43370.00,1.2500,0.00,0.00,8.00,0.00,,0.00,0.00,24696.00,0.00,10000.00,0.00,0.00,0.00,0.00,0.00,0.00,0.00,0.00,0.0500,0.1500,0.0500,0.0000,0.00,0.00,0.00,0.00,0.00,0.00,,{}
16_58,16,Demolitions,,Pending,2012-12-10 07:00:00,,3330.00,4162.50,1.2500,0.00,0.00,1.00,0.00,,0.00,0.00,3330.00,0.00,0.00,0.00,0.00,0.00,0.00,0.00,0.00,0.00,0.00,0.0500,0.1500,0.0500,0.0000,0.00,0.00,0.00,0.00,0.00,0.00,,{}
16_59,16,Topsoil removal and clearing subbase,,Pending,2012-12-11 07:00:00,,22275.00,27843.75,1.2500,0.00,0.00,9.00,0.00,,0.00,0.00,22275.00,0.00,0.00,0.00,0.00,0.00,0.00,0.00,0.00,0.00,0.00,0.0500,0.1500,0.0500,0.0000,0.00,0.00,0.00,0.00,0.00,0.00,,{}
16_6,16,Pegging road,,Pending,2012-04-23 07:00:00,,30630.00,38287.50,1.2500,0.00,0.00,1.00,0.00,,0.00,0.00,630.00,0.00,30000.00,0.00,0.00,0.00,0.00,0.00,0.00,0.00,0.00,0.0500,0.1500,0.0500,0.0000,0.00,0.00,0.00,0.00,0.00,0.00,,{}
16_62,16,Catch water drains,,Pending,2012-07-25 07:00:00,,24261.00,30326.25,1.2500,0.00,0.00,3.00,0.00,,0.00,0.00,9261.00,0.00,15000.00,0.00,0.00,0.00,0.00,0.00,0.00,0.00,0.00,0.0500,0.1500,0.0500,0.0000,0.00,0.00,0.00,0.00,0.00,0.00,,{}
16_63,16,Manhole covers,,Pending,2012-06-19 07:00:00,,7575.00,9468.75,1.2500,0.00,0.00,1.00,0.00,,0.00,0.00,1575.00,0.00,6000.00,0.00,0.00,0.00,0.00,0.00,0.00,0.00,0.00,0.0500,0.1500,0.0500,0.0000,0.00,0.00,0.00,0.00,0.00,0.00,,{}
16_66,16,Retaining walls (frameworks and concrete casting),,Pending,2012-07-30 07:00:00,,90430.00,113037.50,1.2500,0.00,0.00,1.00,0.00,,0.00,0.00,2430.00,0.00,88000.00,0.00,0.00,0.00,0.00,0.00,0.00,0.00,0.00,0.0500,0.1500,0.0500,0.0000,0.00,0.00,0.00,0.00,0.00,0.00,,{}
16_67,16,Retaining walls concrete aging,,Pending,2012-07-31 07:00:00,,0.00,0.00,1.2500,0.00,0.00,10.00,0.00,,0.00,0.00,0.00,0.00,0.00,0.00,0.00,0.00,0.00,0.00,0.00,0.00,0.00,0.0500,0.1500,0.0500,0.0000,0.00,0.00,0.00,0.00,0.00,0.00,,{}
16_68,16,Pouring prefabricated beams,,Pending,2012-08-14 07:00:00,,51575.00,64468.75,1.2500,0.00,0.00,1.00,0.00,,0.00,0.00,1575.00,0.00,50000.00,0.00,0.00,0.00,0.00,0.00,0.00,0.00,0.00,0.0500,0.1500,0.0500,0.0000,0.00,0.00,0.00,0.00,0.00,0.00,,{}
16_69,16,Making of slabs (frameworks pouring and concrete casting),,Pending,2012-08-15 07:00:00,,9575.00,11968.75,1.2500,0.00,0.00,1.00,0.00,,0.00,0.00,1575.00,0.00,8000.00,0.00,0.00,0.00,0.00,0.00,0.00,0.00,0.00,0.0500,0.1500,0.0500,0.0000,0.00,0.00,0.00,0.00,0.00,0.00,,{}
16_7,16,Alternative road system,,Pending,2012-04-24 07:00:00,,72860.00,91075.00,1.2500,0.00,0.00,4.00,0.00,,0.00,0.00,22860.00,0.00,50000.00,0.00,0.00,0.00,0.00,0.00,0.00,0.00,0.00,0.0500,0.1500,0.0500,0.0000,0.00,0.00,0.00,0.00,0.00,0.00,,{}
16_70,16,Slabs concrete aging,,Pending,2012-08-16 07:00:00,,0.00,0.00,1.2500,0.00,0.00,10.00,0.00,,0.00,0.00,0.00,0.00,0.00,0.00,0.00,0.00,0.00,0.00,0.00,0.00,0.00,0.0500,0.1500,0.0500,0.0000,0.00,0.00,0.00,0.00,0.00,0.00,,{}
16_72,16,Carrying remaining soil,,Pending,2012-11-16 07:00:00,,6192.00,7740.00,1.2500,0.00,0.00,1.00,0.00,,0.00,0.00,6192.00,0.00,0.00,0.00,0.00,0.00,0.00,0.00,0.00,0.00,0.00,0.0500,0.1500,0.0500,0.0000,0.00,0.00,0.00,0.00,0.00,0.00,,{}
16_73,16,Terracing,,Pending,2012-11-15 07:00:00,,4014.00,5017.50,1.2500,0.00,0.00,1.00,0.00,,0.00,0.00,2214.00,0.00,1800.00,0.00,0.00,0.00,0.00,0.00,0.00,0.00,0.00,0.0500,0.1500,0.0500,0.0000,0.00,0.00,0.00,0.00,0.00,0.00,,{}
16_75,16,Embankments,,Pending,2012-09-18 07:00:00,,400064.00,500080.00,1.2500,0.00,0.00,42.00,0.00,,0.00,0.00,260064.00,0.00,140000.00,0.00,0.00,0.00,0.00,0.00,0.00,0.00,0.00,0.0500,0.1500,0.0500,0.0000,0.00,0.00,0.00,0.00,0.00,0.00,,{}
16_77,16,Draining trenches,,Pending,2012-11-15 07:00:00,,8514.00,10642.50,1.2500,0.00,0.00,2.00,0.00,,0.00,0.00,4914.00,0.00,3600.00,0.00,0.00,0.00,0.00,0.00,0.00,0.00,0.00,0.0500,0.1500,0.0500,0.0000,0.00,0.00,0.00,0.00,0.00,0.00,,{}
16_78,16,Catch water drains,,Pending,2012-11-15 07:00:00,,23087.00,28858.75,1.2500,0.00,0.00,1.00,0.00,,0.00,0.00,3087.00,0.00,20000.00,0.00,0.00,0.00,0.00,0.00,0.00,0.00,0.00,0.0500,0.1500,0.0500,0.0000,0.00,0.00,0.00,0.00,0.00,0.00,,{}
16_8,16,Demolition,,Pending,2012-04-30 07:00:00,,2727.00,3408.75,1.2500,0.00,0.00,1.00,0.00,,0.00,0.00,2727.00,0.00,0.00,0.00,0.00,0.00,0.00,0.00,0.00,0.00,0.00,0.0500,0.1500,0.0500,0.0000,0.00,0.00,0.00,0.00,0.00,0.00,,{}
16_80,16,Culverts,,Pending,2012-09-18 07:00:00,,10150.00,12687.50,1.2500,0.00,0.00,2.00,0.00,,0.00,0.00,3150.00,0.00,7000.00,0.00,0.00,0.00,0.00,0.00,0.00,0.00,0.00,0.0500,0.1500,0.0500,0.0000,0.00,0.00,0.00,0.00,0.00,0.00,,{}
16_82,16,Demolitions,,Pending,2012-08-30 07:00:00,,3330.00,4162.50,1.2500,0.00,0.00,1.00,0.00,,0.00,0.00,3330.00,0.00,0.00,0.00,0.00,0.00,0.00,0.00,0.00,0.00,0.00,0.0500,0.1500,0.0500,0.0000,0.00,0.00,0.00,0.00,0.00,0.00,,{}
16_83,16,Topsoil removal and subbase clearing,,Pending,2012-08-31 07:00:00,,29700.00,37125.00,1.2500,0.00,0.00,12.00,0.00,,0.00,0.00,29700.00,0.00,0.00,0.00,0.00,0.00,0.00,0.00,0.00,0.00,0.00,0.0500,0.1500,0.0500,0.0000,0.00,0.00,0.00,0.00,0.00,0.00,,{}
16_85,16,Paving,,Pending,2013-01-30 07:00:00,,2628250.00,3285312.50,1.2500,0.00,0.00,30.00,0.00,,0.00,0.00,128250.00,0.00,2500000.00,0.00,0.00,0.00,0.00,0.00,0.00,0.00,0.00,0.0500,0.1500,0.0500,0.0000,0.00,0.00,0.00,0.00,0.00,0.00,,{}
16_86,16,Guardrails pouring,,Pending,2013-03-13 07:00:00,,328674.00,410842.50,1.2500,0.00,0.00,27.00,0.00,,0.00,0.00,28674.00,0.00,300000.00,0.00,0.00,0.00,0.00,0.00,0.00,0.00,0.00,0.0500,0.1500,0.0500,0.0000,0.00,0.00,0.00,0.00,0.00,0.00,,{}
16_87,16,Coverage and shaping slopes,,Pending,2013-03-13 07:00:00,,39300.00,49125.00,1.2500,0.00,0.00,9.00,0.00,,0.00,0.00,24300.00,0.00,15000.00,0.00,0.00,0.00,0.00,0.00,0.00,0.00,0.00,0.0500,0.1500,0.0500,0.0000,0.00,0.00,0.00,0.00,0.00,0.00,,{}
16_88,16,Cascades pouring,,Pending,2013-03-26 07:00:00,,19020.00,23775.00,1.2500,0.00,0.00,4.00,0.00,,0.00,0.00,2520.00,0.00,16500.00,0.00,0.00,0.00,0.00,0.00,0.00,0.00,0.00,0.0500,0.1500,0.0500,0.0000,0.00,0.00,0.00,0.00,0.00,0.00,,{}
16_89,16,Road signals pouring,,Pending,2013-03-13 07:00:00,,81800.00,102250.00,1.2500,0.00,0.00,2.00,0.00,,0.00,0.00,1800.00,0.00,80000.00,0.00,0.00,0.00,0.00,0.00,0.00,0.00,0.00,0.0500,0.1500,0.0500,0.0000,0.00,0.00,0.00,0.00,0.00,0.00,,{}
16_9,16,Clearing subbase and topsoil removal,,Pending,2012-04-30 07:00:00,,7380.00,9225.00,1.2500,0.00,0.00,4.00,0.00,,0.00,0.00,7380.00,0.00,0.00,0.00,0.00,0.00,0.00,0.00,0.00,0.00,0.00,0.0500,0.1500,0.0500,0.0000,0.00,0.00,0.00,0.00,0.00,0.00,,{}
16_91,16,Network connections removal,,Pending,2013-04-19 07:00:00,,630.00,787.50,1.2500,0.00,0.00,1.00,0.00,,0.00,0.00,630.00,0.00,0.00,0.00,0.00,0.00,0.00,0.00,0.00,0.00,0.00,0.0500,0.1500,0.0500,0.0000,0.00,0.00,0.00,0.00,0.00,0.00,,{}
16_92,16,Containers removal,,Pending,2013-04-19 07:00:00,,1575.00,1968.75,1.2500,0.00,0.00,1.00,0.00,,0.00,0.00,1575.00,0.00,0.00,0.00,0.00,0.00,0.00,0.00,0.00,0.00,0.00,0.0500,0.1500,0.0500,0.0000,0.00,0.00,0.00,0.00,0.00,0.00,,{}
16_93,16,Rubbles removal,,Pending,2013-04-22 07:00:00,,4680.00,5850.00,1.2500,0.00,0.00,4.00,0.00,,0.00,0.00,4680.00,0.00,0.00,0.00,0.00,0.00,0.00,0.00,0.00,0.00,0.00,0.0500,0.1500,0.0500,0.0000,0.00,0.00,0.00,0.00,0.00,0.00,,{}
16_94,16,Fences removal,,Pending,2013-04-26 07:00:00,,630.00,787.50,1.2500,0.00,0.00,1.00,0.00,,0.00,0.00,630.00,0.00,0.00,0.00,0.00,0.00,0.00,0.00,0.00,0.00,0.00,0.0500,0.1500,0.0500,0.0000,0.00,0.00,0.00,0.00,0.00,0.00,,{}
16_1,16,Pegging and fence,,Pending,2012-04-12 07:00:00,,10630.00,13287.50,1.2500,0.00,0.00,1.00,0.00,,0.00,0.00,630.00,0.00,10000.00,0.00,0.00,0.00,0.00,0.00,0.00,0.00,0.00,0.0500,0.1500,0.0500,0.0000,0.00,0.00,0.00,0.00,0.00,0.00,,{}
16_11,16,Placement formworks and concrete casting,,Pending,2012-05-04 07:00:00,,5430.00,6787.50,1.2500,0.00,0.00,1.00,0.00,,0.00,0.00,2430.00,0.00,3000.00,0.00,0.00,0.00,0.00,0.00,0.00,0.00,0.00,0.0500,0.1500,0.0500,0.0000,0.00,0.00,0.00,0.00,0.00,0.00,,{}
16_44,16,Catch water drains,,Pending,2012-12-07 07:00:00,,13087.00,16358.75,1.2500,0.00,0.00,1.00,0.00,,0.00,0.00,3087.00,0.00,10000.00,0.00,0.00,0.00,0.00,0.00,0.00,0.00,0.00,0.0500,0.1500,0.0500,0.0000,0.00,0.00,0.00,0.00,0.00,0.00,,{}
