Project_File,Num_Tasks,Total_Task_Duration,Num_Resources
C2011-01 Nursing Home Noordhinder.xlsx,186,766d5d1d4h1d4h1d1d1d 2h422d4d410d4d33d2d 2h1d 2h4h1d28d1d 4h1d32d 6h2d 2h1d 1h4h7h28d1d 3h1d3d36d 7h5d 6h6h2d3h28d38d 3h9d4d 4h2h28d2d1d 4h4h6d 3h1d 1h2h3d2d31d 6h3d 6h30d31d 5h3d 3h1d 6h28d1d 6h15d 7h30d 3h2d 1h2h28d3d32d1d 4h4h2d 3h28d29d 2h3h1h5h28d29d 1h4h3h2h28d3d33d 5h5d 5h28d41d 6h4d 5h4d 7h4d 2h28d3d 2h113d 5h7d 1h14d 3h6d28d92d 1h7d 4h47d 5h9d28d124d 2h6d 5h13d10d 6h28d34d 3h3d 1h2d 3h7h28d93d 7h8d 3h10d 1h7d28d117d 1h26d 2h12d 7h50d28d35d 2h3d 1h2d 1h2d28d45d 6h4d2d 7h2d28d10d 5h4d 7h8d3d 1h2d 6h30d 3h1d 4h3h4h28d4d30d 7h1d 2h4h1d 1h28d20d52d 2h6d 2h14d 3h3d 5h28d2d 2h1d 7h73d 3h26d 3h10d 4h8d 4h28d1d 2h77d 3h25d13d 2h11d 1h28d34d 2h15d 2h6d 4h12d 4h33d 4h3d 5h1d 2h5h28d3d 1h14d 2h11d 6h1d 2h6d3d 4h6d4d 4h9d 1h50d1d2h2h25d,13
C2011-02 Social Housing Kortrijk.xlsx,132,276d276d25d100d276d276d10d115d14d14d9d9d27d27d1d1d8d10d5d5d2d2d2d2d28d1d1d1d8d10d5d5d2d2d2d2d28d1d1d1d8d10d5d5d2d2d2d2d16d1d1d1d3d4d3d3d1d1d1d1d16d1d1d1d3d4d3d3d1d1d1d1d14d22d208d172d10d37d14d14d9d9d27d27d1d1d8d10d5d5d2d2d2d2d28d1d1d1d8d10d5d5d2d2d2d2d28d1d1d1d8d10d5d5d2d2d2d2d56d1d1d1d3d4d3d3d1d1d1d1d14d22d,3
C2011-03 Family Day.xlsx,23,97d 2h1d20d10d5d10d5d10d5d15d10d10d5d15d5d5d20d10d10d5d10d5d1d,3
C2011-04 Railway Station Sint-Joost.xlsx,19,125d7d2d6d6d20d66d3d4d24d2d5d4d2d4d6d4d6d6d,3
C2011-05 Telecom System Agnes.xlsx,22,43d3d1d1d1d1d1h4h1d18d8d5d5d5d5d15d15d2d1d2d2d1d,7
C2011-06 Veterinary Exposition.xlsx,83,314d126d1d1d15d1d1d1d1d1d1d059d10d5d4d15d1d0173d100d60d132d2d116d083d1d1d15d28d28d33d5d17d10d10d8d56d1d1d0120d10d10d21d10d5d1d1d1d5d5d1d1d1d1d15d5d2d30d5d12d1d1d1d07d1d1d1d061d5d5d10d1d2d3d5d9d1d0,16
C2011-07 Patient Transport System.xlsx,69,389d43d4h2h1d1d4h2h32d2d2d3d22d3d4h2d72d3d1d1d2d74d3d4h2d4h4h12d2d3d13d 4h2d2h4h4h4h4h1d2h2h6d6d6d117d1d1d1d27d1d2d27d4d6d12d2d2d2d2d2d2d12d1d1d71d71d6d2h4h1d,6
C2011-08 Sports Center Tielt.xlsx,27,72d10d13d1d1d5d2d2d1d3d1d4d3d6d2d4d2d1d2d1d1d3d8d1d6d1d12d,2
C2011-09 Commercial IT Project.xlsx,42,56d 5h10d3d15d3d2d2d7h1d4h1h2h2d6h1d2d2d 5h10d10d2d 2h2d 4h1d 2h1d 4h1h1h3d3d 5h1d1d10d2h2d2h5h3d1d 2h1d2h5h5d5d5d,9
C2011-10 Building a House.xlsx,35,194d 6h022d 4h22d49d10d1d 4h16d 4h17d 4h6d1d 4h5d4d5d9d 4h10d19d18d5d3d1d 2h8d 6h8d 6h8d 6h8d2d 4h14d4d8d 6h1d6h3d 4h1d7d 4h0,2
C2011-11 Eating Belgium.xlsx,32,299d 2h222d 3h1d1d1d2d57d7d50d10d7d1d1d1d1d1d32d7d5d3d6d3d25d36d 2h1d28d60d14d21d25d2d2h,3
C2011-12 Claeys-Verhelst Premises.xlsx,59,442d 2h170d60d20d20d60d60d30d39d14d2d25d10d1d60d20d10d15d15d30d20d10d10d103d 2h10d10d10d20d25d20d10d10d40d10d10d15d20d25d5d20d40d10d10d15d20d25d5d20d65d15d25d15d15d10d10d5d5d15d5d,13
C2011-13 Wind Farm.xlsx,167,525d525d14d000290d38d10d14d14d255d105d90d60d194d14d14d180d250d14d5d5d150d5d110d5d5d5d5d5d5d5d120d15d15d15d15d15d15d15d125d20d20d20d20d20d20d20d147d121d16d010d2d2d2d16d010d2d2d2d16d010d2d2d2d16d010d2d2d2d16d010d2d2d2d16d010d2d2d2d16d010d2d2d2d35d5d5d5d5d5d5d5d33d3d3d3d3d3d3d3d30d000000033d3d3d3d3d3d3d3d43d13d13d13d13d13d13d13d32d2d2d2d2d2d2d2d30d000000031d31d2d01d14d14d5d3d7d0106d106d040d20d15d0,1
C2011-14 Hotel Reylof.xlsx,506,252d15d15d0136d110d48d43d3d3d5d5d43d10d5d7d61d8d8d20d20d41d33d8d8d10d20d28d26d10d5d5d8d18d5d5d5d17d4d4d4d17d4d4d4d11d2d2d2d2d43d20d20d4d10d10d10d5d5d3d3d5d5d5d5d38d38d5d31d31d10d10d4d4d3d3d3d3d17d5d5d39d39d11d18d8d10d10d6d2d2d2d2d15d15d15d15d15d15d15d15d15d15d15d15d15d15d15d86d45d45d9d11d16d9d12d15d10d78d54d15d15d29d5d5d5d15d25d25d25d40d35d8d7d7d8d5d35d5d7d7d7d35d5d7d7d5d5d40d7d7d7d5d10d30d2d2d2d2d2d27d21d5d10d10d3d10d21d5d10d10d5d10d22d15d10d10d5d10d6d5d5d5d5d78d55d4d2d2d31d5d20d20d5d5d3d1d1d31d5d20d20d5d8d8d8d9d3d5d5d3d6d7d5d5d5d78d7d5d5d3d2d1d33d4d7d2d7d2d5d5d21d10d5d5d10d10d16d5d5d5d5d6d5d5d7d6d6d31d7d13d13d5d8d8d2d2d2d16d2d2d2d2d52d3d14d15d116d67d35d5d3d7d3d1d1d20d12d3d30d4d2d21d3d62d5d32d40d4d61d29d1d4d1d4d20d5d3d32d4d1d6d16d4d4d9d5d5d12d7d5d31d10d10d10d10d10d10d10d10d10d10d10d10d10d10d10d10d10d10d10d46d1d2d2d1d2d2d252d226d147d92d28d21d21d28d14d8d20d66d30d30d32d23d8d7d7d7d8d7d20d4d4d4d4d4d4d23d6d8d8d8d8d8d23d8d8d8d8d8d8d19d4d4d4d4d4d4d19d000005d5d5d5d5d95d92d10d2d2d2d2d2d24d5d5d5d5d5d51d15d15d15d15d15d5d5d38d2d2d2d2d2d51d15d15d15d15d15d7d3d3d3d3d3d22d3d3d3d3d3d88d26d6d6d6d6d6d39d6d6d6d6d6d39d6d6d6d6d6d22d3d3d3d3d3d79d43d10d10d10d10d10d29d5d5d5d5d5d8d8d2d2d2d2d2d1d28d8d1d1d1d1d1d1d10d10d10d10d10d10d10d,1
C2012-01 Manufacturing Tool Cost Module.xlsx,41,44d 6h44d 6h6h2h2h2h013d4d 4h4d2d1d1d 4h013d5d2d3d06d2d2d2d07d3d2d2d05d5d0010d5d5d08d4d4d0,6
C2012-02 Nut Mixing Station.xlsx,58,22d21d 5h1d13d3d2d2d1d5d2d20d 6h3d4d3d14d 5h2d1d1d1d1d1d1d3d1d2d1d8d2d2d3d1d10d 3h1d2d2d1d2d5d 5h5d2d2d1d1d6d3d3d7d1d3d1d1d2d2d3d2d1d5d3d,25
C2012-03 Day Care.xlsx,25,128d5d10d10d5d20d20d15d2d3d2d5d2d10d5d3d2d2d15d5d4d5d12d2d1d,1
C2012-04 Asti-Cuneo Highway.xlsx,95,272d12d1d2d1d1d2d1d4d35d1d4d11d1d11d1d10d25d17d2d8d8d5d5d73d1d4d10d2d10d1d10d1d10d1d1d10d12d30d1d5d21d19d2d1d1d3d3d23d1d10d1d1d10d57d1d12d44d42d2d1d1d2d2d2d1d2d15d1d3d10d10d1d1d37d1d9d14d14d6d8d13d5d8d30d27d27d9d4d2d6d1d1d4d1d,19
C2012-05 Tappan Zee Bridge.xlsx,20,1289d125d75d60d55d55d55d40d125d40d40d60d60d75d50d100d75d50d100d50d,21
C2012-06 Youth Hostel Merkenveld.xlsx,47,196d 7h1d4h2h2d1d2h2d 4h2d 4h1d 4h6d1d4h3d 6h3d1d 3h1d 3h1d 2h4d3d3d 2h1d3d1d4h6h4h8d 6h6d1d 4h4d11d3d5d12d 4h20d15d2d5d5d4d 3h6d 2h5d5d19d 3h5d5d,6
C2012-07 Solar Park.xlsx,217,711d273d059d15d59d2d069d7d7d1d2d10d7d123d1d1d1d1d4h1d109d10d10d2d1d1d1d0109d17d1d1d1d1d1d168d89d1d1d3d2d10d2d3d8d2d20d1d1d1d1d1d1d11d4h85d52d5d10d67d37d1d10d15d10d2d 4h4h2d 4h6d 4h5d5d5d1d 4h25d5d2d23d94d61d1d10d1d10d81d20d60d42d27d27d1d10d25d25d1d10d10d10d28d1d24d24d24d45d10d10d30d5d15d45d25d60d7d5d5d153d54d3d95d57d53d25d25d2d54d35d1d25d17d57d28d28d10d9d16d30d20d76d16d1d1d4d5d7d5d5d5d2d23d7d007d7d2d23d7d007d7d2d27d11d007d7d2d23d7d007d7d2d11d3d11d47d2d10d3d3d3d1d1d44d1d31d4d1d1d32d10d01d1d1d3d5d2d2d2d8d1d3d2d5d5d2d2d1d1d1d1d,1
C2012-08 Sea Electricity.xlsx,467,468d 1h203d15d10d1d50d25d40d15d25d100d1d1d1d1d1d1d1d1d1d1d1d1d1d1d1d1d1d1d1d1d1d1d1d1d1d2d2d2d2d2d2d2d2d2d2d2d2d2d2d2d2d2d2d2d2d2d2d2d2d2d99d2d1d1d95d1d1d1d1d1d1d1d1d1d1d1d1d1d1d1d1d1d1d1d1d1d1d1d1d1d1d1d1d1d1d1d1d1d1d1d1d1d1d1d1d1d1d1d1d1d1d1d1d269d266d120d120d9d9d9d9d9d9d9d9d9d9d9d9d9d9d9d9d9d9d9d9d9d9d9d9d80d9d9d9d9d9d9d9d9d9d9d9d9d9d9d9d9d9d9d9d9d9d9d9d9d1d1d1d1d1d1d1d1d1d1d1d1d1d1d1d1d1d1d1d1d1d1d1d1d185d1d1d1d1d1d1d1d1d1d1d1d1d1d1d1d1d1d1d1d1d1d1d1d1d1d1d1d1d1d1d1d1d1d1d1d1d1d1d1d1d1d1d1d1d1d1d1d1d1d1d1d1d1d1d1d1d1d1d1d1d1d1d1d1d1d1d1d1d1d1d1d1d467d 5h344d 4h336d 4h240d240d240d240d144d 4h48d39d 5h48d48d30d96d48d48d151d 1h3d3d3d3d3d3d3d3d3d3d3d3d3d3d3d3d3d3d3d3d3d3d3d3d1d1d1d1d1d1d1d1d1d1d1d1d1d1d1d1d1d1d1d1d1d1d1d1d3d3d3d3d3d3d3d3d3d3d3d3d3d3d3d3d3d3d3d3d3d3d3d3d5d5d5d5d5d5d5d5d5d5d5d5d5d5d5d5d5d5d5d5d5d5d5d5d5d5d5d5d5d5d5d5d5d5d5d5d5d5d5d5d5d5d5d5d5d5d5d5d226d 1h118d40d10d2d2d1d1d224d 1h150d30d30d16d16d2d 1h60d10d2d1d1d338d16d2d12d2d338d120d5d1d1d48d48d10d2d4d230d 1h2d94d70d40d5d4d10d5d5d91d60d5d15d3d2d5d2d1d131d 1h10d1d1d3d1d2d1d3d1d1d1d,28
C2012-09 Digipolis Talent Management Suite.xlsx,365,162d162d162d162d162d11d 3h11d 3h4d 4h5d 2h5d 2h4h4h2h3h53d 6h2d 1h2d 1h7h2d98d 1h5d 6h5d 6h2d 2h2d 6h2d 6h18d 5h7h7h3h6h1h1h1h1h70d 4h2d 6h2d 6h1d 1h2d 4h58d 6h2d 2h2d 2h7h2d 1h160d 4h00000160d 4h001d01d001d027d 2h1d1d1d1d142d 7h9d 1h9d 1h9d 1h5d9d 1h9d 1h9d 1h5d3d 6h3d 6h3d 6h1d 6h8d 5h8d 5h8d 5h4d 3h33d 5h3d5h1d 3h00000119d 2h6d 2h1d 1h2h4h6d 2h1d 1h2h4h27d2d 3h4h1d 1h33d 7h3d5h1d 3h52d 5h1d 6h3h7h49d4d6h1d 7h77d 2h12d2d 3h5d 5h8d5d3d161d 3h161d 3h16d 1h7h7h3h7h45d1d 6h1d 6h6h1d 6h87d 1h7d 2h7d 2h2d 7h6d 6h138d 1h17d 2h7d 6h6d3d 4h3d 1h2d 3h1d 3h4d4d4d4d146d 1h4d 2h4d 2h1d 6h2d33d 2h52d 3h7d 6h7d 6h3d 1h7d 2h84d5d 1h5d 1h2d4d 6h69d2d 7h2d 7h1d 1h2d 5h15d 5h7h7h3h7h38d 2h38d 2h1d 5h1d 5h5h1d 4h107d 3h105d 1h7d 2h3d 6h3d 4h2d7h4d 2h2d 4h63d 4h2d 3h2d 3h1d2d 2h12d 4h12d 4h1d 4h2h6h101d 7h101d 7h83d 6h5d 1h5d 1h2d4d 6h101d 7h3d 4h3d 4h1d 3h3d 2h52d 6h7d 4h7d 4h3d7d69d2d1d 7h3d 7h1d 4h3d 5h81d 1h81d 1h4d4d 2h1d 6h3d 7h69d 5h69d 5h69d 5h16d16d6d 3h14d 7h161d 2h108d 2h108d 2h16d 1h16d 1h6d 4h7d 4h7d 4h98d97d 1h6d1d 2h2d 6h40d 3h5d 3h1d 1h2d 4h15d 1h1d 6h3h7h33d 3h3d5h1d 3h158d 7h158d 7h80d 4h9d 2h9d 2h3d 6h8d 5h80d 4h4d 3h4d 3h1d 6h4d158d 7h13d13d5d 2h6d7d20d 6h3d 5h3d 5h1d 4h3d 3h80d 7h4d 1h4d 1h1d 5h3d 7h144d 3h69d 7h2d 6h2d 6h1d 1h2d 4h144d 3h10d 7h10d 7h4d 3h3d 2h3d 2h3d 2h5d 3h5d 3h2d 1h2d 4h2d 4h118d 3h118d 3h18d 3h1d1d3h1d75d3d 5h3d 5h1d 4h3d 3h59d 7h2d 3h2d 3h1d2d61d 7h3d1d 4h1d 4h1d 2h2d 6h28d1d 2h1d 2h4h1d 1h79d 6h3d 6h3d 6h1d 4h3d 4h5h5h84d5d 5h5d 5h2d 2h5d 2h45d 2h1d 6h1d 6h6h1d 6h44d 5h1d 6h1d 6h6h1d 6h27d 7h1d1d3h2d,2
C2012-10 Gabala Resort Outdoor Pool.xlsx,19,54d5d7d4d4d6d2d5d5d3d1d1d1d1d2d4d5d1d2d,10
C2012-11 MIVB SeSaMe.xlsx,32,13d 3h09d 4h2d 8h6h8h1d 3h5h1d 2h8h6h2d 1h1d 3h7h1d 7h6h1d 1h1d 6h4h2h7h6h5h2d 3h5h4h1d 3h1d 5h8h5h1h0,3
C2012-12 Railway Station Ghent.xlsx,25,440d92d15d46d191d182d125d30d45d75d172d75d50d100d165d85d25d80d257d257d78d94d107d230d230d,1
C2012-13 Pumping Station Jabbeke.xlsx,75,125d1d1d1d1d1d25d1d1d1d2d1d3d5d5d5d5d2d1d4d5d1d1d1d3d5d2d2d5d1d1d4h4h1d1d1d1d1d1d1d1d5d1d1d1d1d1d1d4h4h1d1d1d4d1d1d1d1d3d1d4d4h5d4h1d1d1d1d5d8d1d2d2d9d9d,3
C2012-14 Sluiskil Tunnel.xlsx,58,1298d 7h40d14d12d20d2d 2h6d90d35d15d40d150d30d80d15d55d218d 7h22d45d38d36d58d2d 7h38d17d409d15d74d74d54d21d11d425d40d120d115d20d55d55d20d265d7d84d82d67d66d22d21d5d87d2d7d6d9d8d5d2d0,9
C2012-15 The Master Project.xlsx,135,32d4h3h3h2h3h3h4h3h4h4h2h4h4h04h3h1h2h3h4h3h2h3h3h4h4h04h4h2h2h3h4h4h4h4h2h01h3h1h4h03h4h2h3h4h04h5h4h3h3h3h5h4h4h2h3h04h2h4h2h2h3h4h2h3h3h4h2h3h2h4h6h4h6h04h4h4h2h2h3h4h4h4h3h2h4h4h3h4h2h2h04h4h4h2h4h4h4h4h2h2h4h04h1h1h5h04h1h4h1h3h2h04h3h1h01h4h4h2h3h4h2h0,4
C2012-16 Metal Extraction.xlsx,87,88d5d4d4d4d1d1d1d1d1d1d2d2d2d2d2d3d2d1d4d3d3d3d2d4d3d2d2d2d3d3d2d3d3d4d2d2d1d2d3d2d2d2d2d2d2d2d2d1d3d2d3d1d1d1d3d2d2d3d2d1d1d3d3d3d3d3d1d3d2d2d2d1d1d1d3d3d3d3d3d3d3d5d5d5d4d4d,11
C2012-17 Building a Dream.xlsx,34,144d 6h1d5d1d7d 4h2d7d7d3h2h6d 2h2d 4h9d14d3d 6h4d3d 6h3d 4h4d 4h6h15d7d 4h3d 6h10d2d2d3d1d 6h2d2d6d3d2d1d,11
C2013-01 Wiedauwkaai Fenders.xlsx,49,152d152d152d3d3d151d100d5d5d4d5d5d6d4d5d8d5d6d8d5d8d4d5d5d4d3d10d7d1d2d10d10d41d16d5d4d37d1d1d4d1d2d15d0001d2d5d,1
C2013-02 Sewage Plant Hove.xlsx,221,403d1d400d28d5d5d10d5d5d3d3d3d10d114d3d17d1d3d10d3d7d1d2d5d3d25d7d5d5d5d7d119d5d7d5d3d77d3d5d3d10d20d10d10d4d5d10d7d5d13d10d10d10d10d10d44d2d2d2d3d20d1d4d12d3d3d2d3d10d5d5d5d5d85d3d2d1d59d3d6d18d3d3d10d4d10d10d10d10d10d27d10d5d4d4d4d58d10d10d10d10d10d10d1d1d10d3d2d5d27d1d5d10d10d1d1d51d2d4d19d1d2d3d7d2d4d4d3d10d15d5d10d7d7d60d10d10d10d10d10d10d10d50d10d10d10d10d10d10d130d20d10d10d10d10d80d10d10d10d10d10d30d10d10d10d90d10d10d10d10d10d10d30d10d10d10d90d90d50d10d10d10d10d10d10d30d10d10d10d10d10d10d10d10d10d10d10d10d10d10d10d10d10d10d10d10d10d10d10d10d10d1d10d10d10d10d10d10d10d10d80d,1
C2013-03 Brussels Finance Tower.xlsx,63,425d425d425d183d13d13d13d15d15d15d15d15d13d13d30d24d155d19d18d10d3d116d7d5d5d18d15d22d20d5d40d22d33d39d35d50d36d25d40d10d10d256d253d250d247d244d241d235d232d87d216d215d214d213d213d52d116d10d41d41d41d41d41d,1
C2013-04 Kitchen Tower Anderlecht.xlsx,272,333d333d1d4d4d5d305d201d5d1d1d1d1d1d1d1d323d182d7d2d40d3d1d3d4d3d2d1d11d3d3d1d1d5d4d1d170d5d5d155d1d14d1d1d2d1d1d1d2d1d1d1d3d3d3d1d1d14d1d1d2d1d1d1d2d1d1d1d3d3d3d1d1d14d1d1d2d1d1d1d2d1d1d1d3d3d3d1d1d15d1d1d2d1d1d1d2d1d1d1d3d3d3d1d1d16d1d1d2d1d1d1d2d1d1d1d3d3d3d1d1d14d1d1d2d1d1d1d2d1d1d1d3d3d3d1d1d24d1d1d2d1d1d1d2d1d1d1d3d3d3d1d1d14d1d1d2d1d1d1d2d1d1d1d3d3d3d1d1d14d1d1d2d1d1d1d2d1d1d1d3d3d3d1d1d14d1d1d2d1d1d1d2d1d1d1d3d3d3d1d1d14d1d1d2d1d1d1d2d1d1d1d3d3d3d1d1d15d1d1d2d1d1d1d2d1d1d1d3d3d3d1d1d14d1d1d1d1d1d1d2d1d1d1d3d3d3d1d1d15d1d1d2d1d1d1d2d1d1d1d3d4d3d1d1d43d1d1d2d2d2d4d,1
C2013-05 PET Packaging.xlsx,36,521d219d44d44d44d43d44d412d 7h216d131d44d66d129d41d88d65d65d282d86d64d64d371d174d65d65d218d218d152d175d175d66d21d89d480d480d480d,1
C2013-06 Government Office Building.xlsx,300,352d10d155d5d150d10d10d10d23d5d5d15d8d15d215d68d21d2d15d8d15d5d15d20d15d20d10d10d10d10d10d10d10d10d10d10d10d10d10d10d10d134d134d5d5d15d5d25d10d175d175d10d60d27d 4h27d 4h70d15d102d5d3d15d3d4d5d10d10d10d2d10d4d3d4d8d10d10d80d5d110d5d3d15d3d4d10d10d2d10d4d3d4d8d10d3d5d30d10d20d151d5d3d15d3d4d10d10d2d10d4d3d4d8d10d3d5d88d5d3d15d3d4d10d10d2d10d4d3d4d8d10d3d5d103d5d3d15d3d4d10d10d2d10d3d4d4d8d10d3d5d103d5d3d15d3d4d10d10d2d10d4d3d4d8d10d3d5d103d5d3d15d3d4d10d10d2d10d3d4d4d8d10d3d5d103d5d3d15d3d4d10d10d2d10d4d3d4d8d10d3d5d93d5d3d15d3d4d10d10d2d10d3d4d4d8d10d3d5d93d5d3d15d3d4d10d10d2d10d4d3d4d8d10d3d5d83d5d3d15d3d4d10d10d2d10d3d4d4d8d10d3d5d83d5d3d15d3d4d10d10d2d10d4d3d4d8d10d3d5d124d5d3d15d3d4d10d10d2d10d3d4d4d8d10d3d13d5d96d15d5d10d010d45d4d10d50d71d20d20d20d25d,1
C2013-07 Family Residence.xlsx,63,170d1d1d46d7d32d1d1d30d1d2d20d1d6d16d2d1d3d33d33d1d2d32d1d1d4d4d1d2d20d26d1d1d1d1d1d1d13d8d5d23d3d1d1d19d1d3d22d1d1d17d1d1d33d1d3d22d1d1d135d1d1d3d,1
C2013-08 Timber House.xlsx,53,216d119d1d1d1d1d1d6d19d1d10d1d1d36d1d1d10d5d1d9d5d5d5d3d1d49d2d1d15d2d1d14d1d3d1d3d38d20d1d4d2d2d3d2d2d2d2d2d2d10d1d4d0,1
C2013-09 Urban Development Project.xlsx,72,291d1d5d15d20d15d20d10d10d5d35d20d1d5d5d5d20d32d5d20d1d5d5d5d5d5d5d5d5d5d10d10d10d10d1d1d1d1d6d6d6d6d2d 4h2d 4h2d 4h2d 4h2d 4h2d 4h2d 4h2d 4h1d1d1d1d7d 4h7d7d7d10d10d10d10d10d10d10d10d5d5d5d5d30d10d,1
C2013-10 Town Square.xlsx,273,786d1d1d1d1d1d1d05d14d241d89d015d15d13d9d10d7d18d6d4d18d2d1d57d6d34d34d34d80d03d3d8d1d3d1d9d2d1d5d2d1d52d2d10d10d10d87d03d3d8d1d3d1d12d2d1d5d2d1d60d2d10d10d10d56d06d6d7d1d6d1d13d3d3d10d2d1d17d3d10d6d2d64d06d6d14d2d6d6d8d3d2d5d4d2d30d4d25d6d2d51d02d2d8d1d5d2d10d2d2d8d3d3d23d5d10d4d1d33d01d1d5d1d3d1d10d10d4d4d2d1d1d29d02d2d16d1d8d3d1d11d2d2d6d10d4d2d1d1d140d140d140d20d10d35d5d4d20d10d10d50d250d22d7d5d4d4d2d2d4d4d22d10d2d6d8d41d8d2d3d3d3d1d2d1d1d31d3d2d1d5d5d25d4d4d2d2d63d31d4d07d7d5d6d10d20d20d8d4d4d40d40d064d18d5d1d6d6d6d3d3d40d40d44d5d5d9d5d4d30d30d115d50d65d15d36d8d6d30d87d17d14d1d15d70d50d7d60d30d30d25d5d15d2d3d5d21d3d3d15d10d10d,1
C2013-11 Recreation Complex.xlsx,209,359d0359d4d4d96d3d46d02d5d4d15d30d95d5d90d8d8d216d15d2d11d2d5d5d216d2d2d1d3d15d2d10d5d10d6d5d08d2d1d1d2d3d06d20d20d002d8d69d8d5d8d2d3d3d1d5d2d1d3d82d8d2d8d6d1d4d2d3d4d1d5d6d10d5d1d359d8d8d15d15d15d15d57d2d1d6d10d1d14d2d4d5d5d5d251d2d4d5d12d03d10d20d10d3d22d22d15d15d6d31d20d18d10d10d22d8d12d5d2d5d26d26d52d14d18d25d25d10d5d5d36d20d5d7d25d35d10d6d29d29d3d3d359d17d17d10d8d8d8d8d8d10d8d8d8d8d8d8d8d8d8d8d7d7d30d7d7d20d7d7d35d5d5d10d5d3d104d104d65d42d25d104d65d42d25d104d65d42d25d25d15d10d86d2d2d1d26d2d3d3d25d1d,1
C2013-12 Young Cattle Barn.xlsx,30,115d010d5d15d1d5d5d10d20d10d2d5d5d3d5d5d5d10d10d10d10d15d10d20d5d15d20d20d0,1
C2013-13 Office Finishing Works (1).xlsx,12,236d87d87d87d110d103d80d1d48d48d3d25d,1
C2013-14 Office Finishing Works (2).xlsx,10,80d1d1d63d1d2d2d4d18d17d,1
C2013-15 Office Finishing Works (3).xlsx,18,171d98d65d32d33d63d4d9d30d35d9d5d12d12d12d9d9d1h,1
C2013-16 Office Finishing Works (4).xlsx,8,196d88d16d60d67d91d1h1h,1
C2013-17 Office Finishing Works (5).xlsx,24,161d89d89d151d22d1d7d3d5d67d3d1d2d9d9d3d3d41d3d71d77d61d3d1h,1
C2014-01 Mixed-use Building.xlsx,67,474d0266d0000282d0000031d474d010d104d297d17d5d388d255d86d22d12d28d26d31d175d20d20d23d21d20d20d20d20d20d22d21d20d183d53d130d234d93d172d81d87d36d64d20d182d141d141d31d219d5d5d92d194d13d41d29d20d0,1
C2014-02 Playing Cards.xlsx,24,124d5d3d40d3d50d10d30d1d10d5d10d5d1d5d01d10d10d10d5d1d5d0,1
C2014-03 Organizational Development.xlsx,128,228d 6h84d1h1h35d15d1h25d5d1h1h84d1h1h35d1h15d1h25d5d1h81d 4h1h35d1h15d25d5d1h82d 6h1h35d1h15d1h25d5d1h101d 3h1h1h35d1h15d25d5d1h80d 2h1h35d15d25d5d1h82d 6h1h1h35d1h15d25d5d1h80d 1h1h5d1h20d5d1h84d1h1h35d1h15d1h25d5d1h30d 3h1h5d1h20d5d1h80d 2h1h35d15d25d5d1h80d 2h1h35d15d25d5d1h80d 2h1h35d15d25d5d1h86d 4h1h1h1h35d1h15d1h1h25d5d1h80d 2h1h5d1h20d5d1h1h,2
C2014-04 Compressor Station Zelzate.xlsx,25,522d22d21d23d21d22d22d21d23d20d22d21d23d21d22d23d20d23d22d21d23d20d21d22d22d,1
C2014-05 Apartment Building (1).xlsx,26,228d1d1d15d15d10d70d15d10d30d20d25d25d10d5d5d10d15d5d10d10d10d10d5d5d1d,1
C2014-06 Apartment Building (2).xlsx,30,547d1d1d25d50d20d5d165d20d10d20d45d70d70d40d40d52d25d20d20d50d25d10d30d50d5d5d1d5d3d,1
C2014-07 Apartment Building (3).xlsx,26,353d1d1d20d30d20d90d30d20d30d15d50d50d30d20d20d20d15d10d20d15d15d20d10d5d1d,1
C2014-08 Apartment Building (4).xlsx,43,233d135d2d25d20d10d5d5d158d10d10d5d20d10d10d10d5d5d15d10d10d15d15d10d10d20d10d3d77d5d5d5d10d5d5d5d5d5d10d5d5d5d2d,1
C2015-01 Young Cattle Barn (2).xlsx,28,131d10d5d1d1h5d5d10d20d10d2d5d3d1h5d5d1h10d10d10d10d20d1h10d5d15d20d20d,1
C2015-02 Railway Station (1).xlsx,227,417d130d69d30d1d24d14d19d1d20d17d13d23d11d10d43d66d61d46d1d1d1d1d1d1d1d205d35d36d47d33d34d13d15d1d25d21d13d27d16d1d1d24d74d89d86d55d1d1d1d1d202d34d47d31d33d25d14d15d13d19d1d56d86d1d1d1d1d1d1d189d42d33d46d39d46d38d31d21d30d1d1d1d1d1d1d1d1d267d64d67d1d64d1d20d30d20d30d20d34d20d35d1d1d1d1d1d1d1d1d1d1d1d1d1d287d64d28d36d28d47d39d47d1d1d1d1d1d1d1d1d1d1d1d1d414d52d52d78d124d88d1d1d1d1d1d1d1d1d1d410d67d75d53d74d165d1d1d1d1d1d1d1d1d1d417d117d119d115d113d193d1d1d1d1d1d1d1d1d1d1d1d1d1d1d1d1d1d1d1d1d1d1d1d1d1d1d1d1d94d312d68d66d79d76d64d224d1d1d1d1d1d1d1d1d1d1d1d1d1d1d1d1d1d1d1d1d,1
C2015-03 Industrial Complex (1).xlsx,164,257d155d66d 1h10d1d21d28d1h24d20d4d2d3d2d3d13d2d1d10d14d11d2d2d2d2d8d2d1d5d48d43d4d4d9d5d13d26d5d3d18d46d11d10d4d4d2d2d1h17d15d 1h1h1h23d3d11d6d3d 3h1h1h1h14d1h6d19d8d6d6d5d102d76d15d15d3d3d24d5d6d6d5d6d4d5d17d7d10d10d45d4d2d5d2d2d26d2d46d4d2d5d2d2d12d2d59d23d4d12d2d15d3d29d4d2d5d2d2d10d2d84d33d33d3d7d10d7d4d4d5d5d6d4d5d76d31d31d3d3d10d5d4d4d5d6d4d5d53d17d17d3d3d8d5d4d4d2d2d4d5d84d38d15d15d7d20d6d,1
C2015-04 Apartment Building (5).xlsx,57,160d5d5d5d5d5d5d5d5d5d5d5d5d5d5d5d5d5d5d5d5d5d5d5d5d5d5d5d5d5d5d5d5d5d5d5d5d5d5d5d5d5d5d5d5d5d5d5d5d5d5d5d5d5d5d5d20d,1
C2015-05 Apartment Building (6).xlsx,65,120d5d5d5d5d5d15d5d35d5d5d5d5d5d5d15d5d5d5d5d5d5d5d5d20d5d5d5d5d5d5d5d5d5d5d5d5d5d5d5d5d5d5d5d5d5d5d5d5d5d5d5d5d5d5d5d5d5d5d5d5d5d5d5d5d,1
C2015-06 Family Residence (2).xlsx,185,260d10d5d5d10d5d5d10d5d10d10d10d10d5d45d10d50d10d10d5d10d5d5d10d5d10d5d10d30d10d10d5d15d10d5d10d5d5d5d10d5d5d10d5d10d5d5d5d10d5d10d10d10d5d50d5d5d5d10d5d15d10d5d10d5d5d30d5d10d10d5d5d5d10d5d10d5d10d5d10d25d15d30d5d5d10d60d5d5d5d10d10d5d5d5d5d5d5d5d5d10d10d70d5d5d5d5d5d5d5d10d5d5d10d5d5d5d5d10d10d5d20d10d30d10d5d5d5d10d5d10d5d10d5d10d10d10d10d10d5d10d10d5d10d5d25d10d5d10d5d5d10d5d10d5d5d10d10d5d5d5d5d5d5d10d10d10d5d10d5d5d10d10d5d5d30d5d10d5d5d5d5d5d5d5d,1
C2015-07 Industrial Complex (2).xlsx,167,297d26d1d4d1d1d1d18d1d5d10d5d3d2d139d15d59d25d8d5d5d12d13d15d2d10d5d5d4d3d1d62d10d4d10d127d2d54d54d54d139d5d6d62d9d1d1d6d5d1d8d7d3d3d1d3d135d1d31d31d61d77d4d24d2d4d1d2d1d1d1d1d4d3d1d74d49d1d49d49d7d18d15d8d22d5d12d14d8d22d12d10d8d3d42d12d10d10d21d1d10d4d5d123d1d10d1d5d5d1d8d10d3d10d10d7d5d12d3d3d17d2d10d7d130d4d1d5d1d16d3d2d10d7d5d12d7d3d4d17d2d10d7d86d10d10d15d25d86d10d10d15d25d100d3d10d10d15d25d18d6d12d40d128d15d2d35d,1
C2015-08 Garden Center.xlsx,199,191d56d2d2d5d3d12d3d1d1d1d1d1d55d1d5d1d1d1d2d6d1d2d45d1d1d11d7d33d10d1d2d3d3d1d1d1d1d1d1d35d5d2d1d1d1d2d1d2d1d2d2d1d63d1d1d1d1d2d1d1d3d5d6d1d2d3d33d1d2d1d1d1d1d1d2d1d16d16d2d5d1d2d1d1d1d1d1d1d1d1d1d33d5d3d5d5d2d1d3d1d2d2d4d1d2d1d5d2d1d1d4d3d2d2d5d45d2d3d2d2d2d1d1d2d1d2d3d1d1d1d3d2d2d3d92d2d1d1d1d2d3d2d1d2d2d3d3d1d2d2d2d42d2d1d1d5d2d2d1d1d4d2d4d1d191d10d5d5d5d2d1d2d1d2d1d2d2d2d2d2d2d4d2d3d10d2d2d2d3d7d2d3d5d1d1d20d5d5d,1
C2015-09 Railway Station (2).xlsx,372,354d30d11d8d7d7d1d6d10d12d12d1d1d1d155d82d12d29d22d19d10d4d12d13d12d1d155d18d29d19d29d35d41d12d25d42d27d37d18d13d6d18d1d68d22d12d4d12d4d12d4d12d108d18d12d25d13d5d12d12d5d5d13d1d1d1d109d 2h51d18d27d17d25d109d 2h19d18d18d25d6d26d28d18d20d19d59d17d25d22d29d18d28d239d165d31d25d25d26d26d21d21d23d23d20d1d1d1d1d1d1d233d25d19d29d34d20d30d32d20d20d20d1d1d1d1d1d1d1d1d1d1d1d1d1d1d239d45d22d19d29d21d32d32d20d32d22d32d32d30d20d20d1d1d1d1d1d1d1d1d1d1d1d1d83d16d15d10d27d8d10d289d40d30d32d29d10d20d10d25d43d15d41d27d35d20d15d15d5d31d1d1d1d1d1d1d1d347d60d59d64d40d11d18d17d11d18d17d77d1d1d1d1d1d1d1d1d1d1d1d1d1d1d1d1d338d35d10d23d18d26d32d22d24d31d35d25d26d29d29d29d23d27d15d15d15d33d23d13d12d13d12d18d18d18d53d1d1d1d1d1d1d1d1d1d1d1d1d1d1d1d1d1d1d1d1d1d1d1d1d1d1d1d1d290d15d20d20d16d24d16d15d15d16d18d24d18d1d1d1d1d1d1d1d1d1d1d1d1d1d115d20d23d30d23d34d52d29d285d15d20d25d15d16d15d15d15d15d15d23d24d1d1d1d1d1d1d1d1d1d1d1d1d1d1d83d21d20d25d20d30d37d22d294d35d24d24d24d24d13d1d1d1d1d1d1d1d1d1d1d1d1d1d1d1d,1
C2015-10 Tax Return System (1).xlsx,26,85d2d 5h2d 5h22d1d 7h2d 4h2d2d 7h1d023d 7h1d 7h2d 7h2d 7h3d 1h030d6h1d 7h1d2d 7h01d1d00,11
C2015-11 Staff Authorization System.xlsx,19,55d35d 6h2d 4h1h2d 6h5d2d 1h017d6d 2h021d3d 6h4d 6h035d000,6
C2015-12 Premium Payment System.xlsx,49,184d32d 7h32d 7h11d 2h7d 4h6h2d 7h5d 3h6d 2h1h54d9d 6h4d 1h6d 5h9d1d 6h1d4d 6h079d7d 4h6d 5h4d 6h3d 6h1d5d 4h4d 6h1d 7h3d 4h1d 7h1d 2h6d 2h0164d6d 5h14d 3h4d 7h4d 6h6d 5h2d 7h2d 7h065d18d 6h073d000,18
C2015-13 Broker Account Conversion System.xlsx,30,117d4d 2h4d 2h15d2h013d2h04d1h1h041d2d 4h3d 3h1d 7h046d1d1d1d 1h1d 7h1d05d1d1h4h0,8
C2015-14 Supplementary Pensions Database.xlsx,34,124d 1h4d 4h2d 2h4d 4h2h1h2h24d 1h5d 1h1d 3h1h015d5d 3h025d6d 5h7d 7h013d2d 3h1d 4h042d1d 1h3d 6h5d 5h5d 3h010d001h1h,14
C2015-15 FACTA System.xlsx,27,57d1d 2h1d 2h1d1h05d4h016d4h1d 6h1d 4h017d4d 2h1d 3h2h030d4d 6h01d01d1d1d,13
C2015-16 Generic Document Output System.xlsx,38,270d149d 2h5d 5h4d 2h4d 2h196d5h3d3d5h2d 1h4h034d5d 1h2h9d 3h4h071d2d 7h9d 3h30d5d8d 6h3d 1h1d 1h038d1d 2h4d 6h030d00000,14
C2015-17 Insurance Bundling System.xlsx,100,208d 4h35d35d1d 3h116d39d 3h4d 3h2d 4h1d 2h7d 2h5d 4h6h1d7h7h0151d1d 2h7h2d 5h3d 2h4d 3h1h3h3d 7h7h5h1d 1h1d 3h7h7d 1h2d 2h060d11d 2h7h2d3h4h8d 5h2d 2h9d 2h1d 2h7h9d 3h9d 4h2d 7h4d 5h6h4h15d 6h7h2h10d 3h2d 3h2d 3h6h2d 1h6d 6h1d5h5d 5h3d5d1d 5h2d11d077d9d 1h19d 4h22d 7h20d 1h7h5h8d14d 2h2d 6h2d 7h2d 7h6h5d 5h25d 4h4h2d 7h12d022d 2h1h1d5d 5h22d 2h007d 4h7d 4h2d 3h1d 1h2h2d 6h,25
C2015-18 Tax Return System (2).xlsx,29,128d5d 1h5d 1h62d1d 6h6d 2h053d8d 6h1d 3h1d 1h084d9d6d 6h10d 3h060d1d 7h2d 7h4h4d 6h00011d1d2d 7h0,7
C2015-19 Receipt Numbering System.xlsx,32,181d 7h65d6d 7h1d 7h1d6d2d 4h83d1d 1h1h057d2h1d 6h14d 2h1h074d19d7d 5h5h7h02d 3h2d 3h1d 3h001d 7h1d1d1d 7h,13
C2015-20 Policy Numbering System.xlsx,17,171d1d1d43d1d 6h061d5d 1h0130d6d 2h4d 7h1d 7h06d00,7
C2015-21 Investment Product (1).xlsx,24,37d10d 2h1d2h1h1h1d4h05d4h1d01d1d4h11d4h4h4h021d00,9
C2015-22 Risk Profile Questionnaire.xlsx,40,151d 2h47d6d 4h2d1h4d12d7h04d 4h4d 4h012d1d1d 7h2d 2h4h025d2d1d 2h1d1d1d 5h3d 4h021d1d 2h7d 4h2d0009d001d 2h1d 2h1d 2h1d 2h,10
C2015-23 Investment Product (2).xlsx,49,121d 4h16d 2h6d1d1d 2h4h1d 1h6h10d1d 7h085d1d4d 7h3d 6h5h4h2h2d 4h048d1d 6h2d2d 2h5d1d5d010d1d 3h1d 7h7d 3h2d 5h2h0105d2d 5h5d 3h1d 7h3d 1h2d 1h3d7h024d001d 4h1d 4h,17
C2015-24 CRM System.xlsx,39,233d24d 5h24d 5h1d 1h1d 1h177d1d 4h1d4d 4h045d3d 7h9d 6h6h4h036d 7h1d 6h5d 3h1d 2h1d 7h10d4h3d 6h0135d1d2d 2h05h5h000001d1d1d,13
C2015-25 Beer Tasting.xlsx,36,13d 5h2h1h1h2d 10h3h3h009h1h7h1h9h1h7h1h1d003d3h3h009h1h7h1h9h1h7h1h1d00,5
C2015-26 Debt Collection System.xlsx,263,148d 4h40d1d24d24d1d18d1h1d1d 1h1d056d44d25d33d30d25d9d15d4h4h2d1d098d 2h48d 2h5d9d1d 4h3d 4h4d4d3d1d1d35d 2h4d2d 4h6d 4h1d1d41d 4h4d1d11d1d1d1d1d4h1d23d 2h14d 2h4h1d1d2d1d1d1d2d3d3d4d2d30d 4h2d3d3d8d1d 4h2d1d 4h1d6d6d45d 6h10d2d2d1d1d1d2d1d1d1d25d 6h4d5d5d19d7d 6h1d1d1d4h1d1d 6h4h1d 2h2d 6h1d4h1d12d8d2d2d9d 6h2h5d2d2d 4h17d 4h1d1d1d4h4h2h4h4h2h1d1d1d4h4h2h4h4h2h1d1d1d4h4h2h4h4h2h4h4h2h4h2d6h1d 4h2d6h1d 4h3d1d2d4d1d 4h4d2h2h2h2h2h2h3d5d6d8d2d3d3d10d1d1d1d1d1d1d1d1d1d2d1d1d1d0147d26d 6h9d9d30d 6h2d2d2d5d3d 6h2d 4h2d2d3d3d3d2d2d2d17d10d10d2d10d1d2d2d2d2d6d1d1d1d1d1d1d115d 4h29d 4h3d39d 4h2d1d1d1d23d2h2h1d2h2h1d1d1d146d01d1d1d1d01d 4h1d 4h1d 4h1d1d1d4h1d4h2h2h2h2h1d2h0,20
C2015-27 Railway Station Antwerp.xlsx,28,68d38d14d5d10d10d5d5d3d1d1d11d11d3d3d4d4d11d5d8d10d13d1d1d1d3d7d2d,12
C2015-28 Website Tennis Vlaanderen.xlsx,36,201d34d 4h1d 4h34d 4h83d14d25d14d 4h0148d13d45d45d57d1d1d4d 4h1d04d 4h0011d1d1d1d055d27d1d025d29d1d00,6
C2015-29 Fire Station.xlsx,205,284d 2h1d3d3d2d5h8d1h2h1h1h1h1d9d8d3h2d7d22d19d35d5d3h14d2d1h1d1h4h2h1d3h4d1h7h7h5h3h3d2d2d4d4d7d3d7d10d5d 4h1d10d1d 7h1d1h1d5d10d1d8d7d1d4h4h1h1h1h4h1d 5h3h2h6h20d2d1d 6h2d 4h5h3d 2h3d1d 5h1d 5h1h1h1d 2h2h2h1d 5h4h2d6h7h5h1h6h1h2h1h2h2h1d 1h1h2h6h1h1h3h5d 1h2d 4h1d 5h2d 5h5h3d 3h1d1d6h1h2h1h2h1d5h1d2h1d4h4h3h1d1d1h3h1h2h2h4h1h1h2h10d2d 3h5h3d1d1d6h1h2h6h4h6h1h1d4h4h3d1d1d1h3h1h2h1h4h2h1h2h15d2d 2h1d 5h2d7h3d1d1d6h1h1h4h3h4h1h5h5h5h4h1d1d1h3h4d 4h1d6d20d 2h4d7d20d12d8d25d5d5d1h4d4d1d5d10d,1
C2015-30 Social Apartments Ypres (1).xlsx,41,244d8d5d7d2d5d5d5d5d5d60d5d10d2d5d5d5d2d5d5d5d1d 2h10d2d5d20d10d10d5d15d15d5d20d20d20d60d5d2d3d1d5d,1
C2015-31 Social Apartments Ypres (2).xlsx,30,271d10d1d1d10d20d15d125d25d90d20d30d3d60d25d70d25d10d45d30d25d20d10d20d10d15d20d2d2d30d,1
C2015-32 Social Apartments Ypres (3).xlsx,54,358d10d22d21d10d5d5d20d1d15d10d10d10d12d3d1d15d10d12d3d10d10d75d12d3d70d10d5d10d5d30d30d30d30d30d10d20d5d2d1d20d30d10d35d40d20d15d20d20d11d032d1d1d,1
C2015-33 IJzertoren Memorial Square.xlsx,13,50d10d10d10d5d5d10d5d5d5d5d5d5d,1
C2015-34 Roadworks Poperinge.xlsx,14,120d25d25d20d20d10d15d25d15d35d5d5d5d5d,1
C2015-35 Retirement Apartments.xlsx,13,850d60d483d345d345d345d248d345d248d278d248d128d40d,1
C2016-01 Railway Bridge (1).xlsx,32,225d16d005d2d1d10d10d10d10d10d20d2d5d8d10d20d2d5d8d10d18d2d5d8d5d2d5d5d25d40d,1
C2016-02 Railway Bridge (2).xlsx,28,229d30d5d2d10d10d20d10d10d20d2d10d1d1d22d2d10d1d1d15d1d6d1d1d5d5d23d40d,1
C2016-03 Railway Bridge (3).xlsx,28,203d5d27d10d10d7d5d8d7d5d8d5d18d8d1d1d8d31d 2h2d6d1d1d10d5d5d21d25d50d,1
C2016-04 Railway Bridge (4).xlsx,30,248d30d5d2d10d20d20d2d2d25d3d6d1d10d20d3d6d1d10d20d2d2d5d1d5d5d5d5d20d40d,1
C2016-05 Railway Bridge (5).xlsx,35,195d5d2d5d2d10d8d10d3d7d1d3d7d1d2d5d2d5d12d3d8d1d25d5d8d1d1d25d25d10d5d30d15d15d20d,1
C2016-06 Defense Building.xlsx,99,252d1d5d10d5d6d80d19d27d1d5d2d10d5d20d20d15d5d2d3d5d4d30d31d20d2d5d5d30d30d11d11d13d1d7d14d19d10d4d5d4d15d12d9d20d2d2d5d5d4d15d4d15d19d4d27d3d15d15d10d013d3d3d5d10d2d14d24d2d9d15d24d5d1d5d10d2d1d14d5d5d5d5d5d8d10d10d5d05d1d5d10d5d5d5d20d5d,1
C2016-07 Shopping Village Walkways.xlsx,124,224d 1h218d2d155d1d162d26d8d11d14d9d8d7d12d24d11d7d7d9d11d8d7d7d9d11d32d8d7d7d9d11d9d12d9d8d43d8d7d7d12d11d7d7d9d11d8d7d9d8d7d21d7d9d8d7d11d124d7d9d8d7d7d9d12d9d49d8d10d8d7d11d7d9d8d7d11d7d8d7d11d8d112d11d8d7d9d11d7d9d7d7d9d11d8d7d11d7d9d8d7d7d9d11d36d12d11d7d12d7d9d8d7d11d7d9d35d8d7d7d7d11d7d19d0,1
C2016-08 SCM System.xlsx,147,725d060d5d20d5d10d20d20d15d10d5d075d75d10d015d5d5d10d5d14d10d40d10d15d5d10d39d50d5d20d10d5d10d49d0465d025d25d25d25d25d25d25d050d5d1h5d5d10d10d10d10d10d1h10d10d24d015d05d5d5d14d0130d010d15d10d10d10d15d15d015d30d129d0369d010d15d30d45d30d20d015d30d236d0135d010d30d10d20d10d10d10d10d010d20d129d0125d035d10d35d20d10d25d20d010d5d121d00145d25d5d15d5d0120d05d40d15d5d15d5d05d29d114d00,1
C2016-09 Data Loss Prevention System.xlsx,143,195d01d5d171d0000054d1d3d21d2d2d3d2d2d4d2d2d2d2d5d5d10d55d1d3d8d2d2d2d2d3d4d2d2d2d2d5d5d10d54d1d3d12d1d2d2d2d1d3d3d2d2d2d2d5d5d10d93d1d3d8d2d2d2d2d3d73d2d2d2d2d5d5d10d138d1d3d102d2d2d2d2d2d2d3d111d2d2d2d2d2d2d5d5d10d53d1d3d8d2d3d4d2d5d5d10d161d1d3d128d2d2d2d2d2d3d137d2d2d2d2d2d5d5d10d32d1d3d4d2d2d2d2d2d2d5d5d10d,1
C2016-10 Biofuel Refinery.xlsx,24,360d249d1d45d195d20d65d20d45d45d140d5d85d80d100d175d55d135d30d220d20d260d25d110d,1
C2016-11 Residential House (1).xlsx,64,241d22d5d1d3d1d4d12d22d24d24d68d17d3d1d6d27d4d1d7d4d31d15d4d1d1d4d8d3d10d4d5d1d1d1d45d10d13d2d11d1d4d8d2d7d82d3d3d5d1d3d4d4d2d2d4d4d5d1d1d9d1d5d5d,1
C2016-12 Residential House (2).xlsx,69,291d27d2d1d6d5d14d27d30d30d82d22d4d1d5d34d3d2d8d5d1d36d20d5d2d1d6d9d6d12d1d8d1d3d3d1d56d10d12d2d21d3d5d8d2d10d85d3d3d5d1d3d4d4d2d2d4d4d5d2d3d2d25d5d1d20d20d25d25d,1
C2016-13 Residential House (3).xlsx,62,306d9d5d2d9d8d27d27d111d20d17d2d11d41d3d4d11d7d1d50d38d9d3d15d2d9d3d4d3d48d12d5d6d15d3d5d3d9d2d83d3d2d5d1d3d4d6d2d3d4d4d5d2d5d5d6d5d6d10d10d5d5d,1
C2016-14 Residential House (4).xlsx,58,321d11d3d7d8d11d30d30d83d19d7d1d5d35d4d3d6d4d2d1d72d35d20d3d16d1d15d15d53d12d5d10d7d8d4d4d6d10d74d3d1d4d1d3d5d2d3d2d4d4d1d3d1d9d5d5d31d31d,1
C2016-15 Residential House Structural Work.xlsx,17,126d19d3d19d27d27d80d23d8d2d8d23d8d2d8d9d1d,1
C2016-16 Residential House Finishing Works (1).xlsx,29,90d30d5d5d5d5d10d5d25d5d5d5d5d5d5d5d5d25d5d5d5d5d5d10d5d5d5d5d5d,1
C2016-17 Residential House Finishing Works (2).xlsx,29,86d30d5d5d5d5d10d5d21d5d5d5d5d5d5d5d1d25d5d5d5d5d5d10d5d5d5d5d5d,1
C2016-18 Residential House Finishing Works (3).xlsx,30,91d30d5d5d5d5d5d10d26d5d5d5d5d5d5d5d5d1d25d5d5d5d5d5d10d5d5d5d5d5d,1
C2016-19 Residential House Finishing Works (4).xlsx,30,91d30d5d5d5d5d5d10d26d5d5d5d5d5d5d5d5d1d25d5d5d5d5d5d10d5d5d5d5d5d,1
C2016-20 Residential House Finishing Works (5).xlsx,30,91d30d5d5d5d5d5d10d26d5d5d5d5d5d5d5d5d1d25d5d5d5d5d5d10d5d5d5d5d5d,1
C2016-21 Residential House Finishing Works (6).xlsx,29,101d35d5d5d5d5d10d10d21d5d5d5d5d5d5d5d1d25d5d5d5d5d5d20d10d10d10d10d10d,1
C2016-22 Residential House Finishing Works (7).xlsx,29,101d35d5d5d5d5d10d10d21d5d5d5d5d5d5d5d1d25d5d5d5d5d5d20d10d10d10d10d10d,1
C2016-23 Residential House Finishing Works (8).xlsx,29,101d35d5d5d5d5d10d10d21d5d5d5d5d5d5d5d1d25d5d5d5d5d5d20d10d10d10d10d10d,1
C2016-24 Residential House Finishing Works (9).xlsx,29,101d35d5d5d5d5d10d10d21d5d5d5d5d5d5d5d1d25d5d5d5d5d5d20d10d10d10d10d10d,1
C2016-25 Residential House Finishing Works (10).xlsx,29,91d35d5d5d5d5d10d10d21d5d5d5d5d5d5d5d1d25d5d5d5d5d5d10d5d5d5d5d5d,1
C2016-26 Residential House Finishing Works (11).xlsx,29,91d35d5d5d5d5d10d10d21d5d5d5d5d5d5d5d1d25d5d5d5d5d5d10d5d5d5d5d5d,1
C2016-27 Apartment Building Foundations.xlsx,21,78d5d5d5d73d15d15d73d20d3d2d12d10d8d15d4d2d5d5d2d5d,1
C2016-28 Apartment Building Structural Work (1).xlsx,20,71d6d10d3d5d2d2d8d12d10d15d5d10d10d10d6d7d5d10d5d,1
C2016-29 Apartment Building Structural Work (2).xlsx,24,129d42d10d15d25d12d24d5d10d18d5d6d26d5d5d16d9d6d27d3d3d16d9d6d,1
C2016-30 Apartment Building Structural Work (3).xlsx,28,85d25d5d5d15d9d5d26d5d5d15d9d6d4d26d5d5d15d9d6d4d8d3d3d7d3d5d3d,1
C2016-31 Apartment Building Finishing Works (1).xlsx,26,105d80d15d5d10d3d5d10d10d20d12d8d20d10d90d10d15d10d3d5d10d10d12d8d20d10d,1
C2016-32 Apartment Building Finishing Works (2).xlsx,25,89d85d15d10d10d3d5d10d10d12d8d20d10d66d10d5d10d3d3d8d8d10d8d10d8d,1
C2016-33 Apartment Building Finishing Works (3).xlsx,26,116d88d15d5d10d3d5d10d10d20d10d8d20d10d83d15d10d10d3d5d10d10d10d8d20d10d,1
C2016-34 Apartment Building Finishing Works (4).xlsx,26,83d83d15d10d10d3d5d10d10d10d8d20d10d66d10d5d5d3d3d8d8d5d8d15d8d5d,1
C2016-35 Sweetpack.xlsx,65,136d 4h36d9d15d8d4d29d 4h4h4h15d3d6d3d50d4d2d 4h4h4h4h1d 4h41d 4h24d5d1d11d 4h47d 4h16d5d3d1d6d2d2d1d21d7d7d7d6d1d4d 4h4h1d4h4d 4h4h4h1d8d6d1d1d1d8d1d4h3d1d2d 4h2d 4h2d1d1d4h11d 4h,1
C2016-36 Residential reconstruction.xlsx,19,103d13d13d11d11d11d11d11d11d15d13d15d9d14d16d11d14d8d11d,1
C2016-37 Event planning.xlsx,41,145d75d2d4d46d5d35d6d23d3d2d1d39d3d10d1d7d97d10d87d19d4d11d1d61d6d10d5d45d23d5d5d13d8d5d50d5d4d39d50d32d,1
C2016-38 Passive house construction.xlsx,30,114d 7h1d4d 4h3d2d4d1d 3h1d 4h28d1d 2h12d2d2d2d3d3d3d1d13d1d3d 4h7d2d 4h2d3d3d4d3d1d2d,10
C2016-39 Investment building.xlsx,31,181d 3h1d4d 4h3d2d4d1d 3h1d 4h28d1d 2h12d2d2d2d3d3d3d1d13d1d3d 4h7d2d 4h2d3d3d4d3d1d2d0,1
C2016-40 Artes project (1).xlsx,101,334d4d2d18d14d10d7d7d7d3d5d11d1d4d9d10d1d8d8d3d16d9d8d5d6d7d9d8d2d8d20d7d8d11d20d8d2d16d18d6d5d5d5d2d2d4d5d4d6d2d3d3d5d3d4d4d3d2d10d3d2d3d3d2d4d2d1d2d7d3d2d3d2d2d3d25d10d15d12d25d6d5d5d5d10d10d10d10d10d10d10d10d5d10d20d20d70d70d225d30d11d,2
C2016-41 Artes project (2).xlsx,101,334d4d2d18d14d10d7d7d7d3d5d11d1d4d9d10d1d8d8d3d16d9d8d5d6d7d9d8d2d8d20d7d8d11d20d8d2d16d18d6d5d5d5d2d2d4d5d4d6d2d3d3d5d3d4d4d3d2d10d3d2d3d3d2d4d2d1d2d7d3d2d3d2d2d3d25d10d15d12d25d6d5d5d5d10d10d10d10d10d10d10d10d5d10d20d20d70d70d225d30d11d,2
C2016-42 Shared bike app development.xlsx,42,350d51d14d4d5d20d5d7d33d3d15d15d70d30d20d40d35d15d10d87d18d57d57d12d12d23d23d75d50d30d18d93d45d36d18d128d64d38d41d15d26d80d,10
C2016-43 Mail delivery app.xlsx,50,363d 6h28d33d36d36d152d4d37d4d167d52d52d52d4d4d89d46d45d45d32d4d4d71d70d70d4d4d53d93d93d4d4d30d30d4d4d10d4d36d55d4d4d4d13d4d2d64d64d64d64d,1
C2017-01 Apartment construction.xlsx,65,383d383d31d14d10d10d10d17d5d65d7d010d8d10d15d15d89d28d38d23d21d23d7d70d35d35d15d102d16d25d36d25d45d35d10d20d35d20d15d085d20d25d10d10d7d15d28d5d10d3d10d22d10d15d7d7d16d3d3d3d3d10d0,1
C2017-02 Charging block network.xlsx,31,278d125d17d4d27d1d5d7d87d30d20d32d33d15d40d77d15d50d40d12d10d99d10d10d8d4d23d04d2d2d,1
C2017-03 Hydrogen Island.xlsx,105,2804d34d4d30d210d80d210d200d150d140d140d330d150d130d50d120d40d150d14d180d210d100d80d108d168d76d133d416d78d96d35d21d450d130d90d70d89d95d585d585d160d380d53d9d44d19d19d4d2d85d913d624d256d21d109d96d142d393d256d48d89d289d65d78d62d14d21d49d210d170d190d1827d895d240d240d180d75d160d90d105d60d7d14d257d10d3d13d8d14d3d21d12d14d8d4d12d12d10d16d9d8d27d45d4d7d,1
C2017-04 Recy-call.xlsx,47,148d 2h8d01d 3h04d 4h2d10d 2h4d 4h12d 1h3d 3h3d1d 4h3d4d 4h3d 3h1d 3h1d 3h1d 3h1d 3h8d2d 2h4d 3h4h1d 2h2h1d 1h1d 3h1d 3h3d 2h1d 4h6d 1h1d1d1d 3h4h4h1d 3h3d 3h8d 2h3d4d 3h3d 3h3d1d 3h4h3d 1h,2
C2017-05 JobFair Gent.xlsx,26,126d1d10d15d10d5d1d10d84d95d5d10d15d30d10d25d22d15d10d15d10d10d3d15d4d5d,7
C2017-06 Landing gear development.xlsx,28,320d45d45d30d10d15d15d5d5d50d30d15d20d65d45d15d10d20d45d20d10d15d85d25d10d45d15d0,5
C2018-01 App development.xlsx,28,110d110d31d5d8d5d8d5d5d3d19d8d5d8d3d34d3d1d1d5d8d8d5d3d26d13d5d8d,1
C2018-02 eScooter.xlsx,20,260d5d5d15d25d5d20d80d20d30d15d60d15d30d5d5d5d10d10d5d,6
C2018-03 Castelein.xlsx,21,177d1d1d16d21d12d20d20d19d14d15d26d5d21d5d10d5d11d21d20d0,9
C2018-04 Christmas market (1).xlsx,39,94d27d 4h2h36d27d 4h11d3h3h3h3h2h3h2h3h2h4d2h3h6h4h4h1h6h1h3d 6h3h2d 1h1h1d1d3h1h3h3h2h4h2h1h1h,1
C2018-05 Music festival.xlsx,31,265d5d40d119d40d15d15d29d100d20d5d5d3d8d10d8d2d3d4d3d5d2d3d5d5d5d3d2d2d2d1d,1
C2018-06 Camera network.xlsx,17,21d2d1d3d3d3d3d1d2d1d1d1d3d2d2d2d2d,3
C2018-07 WKB developmentl.xlsx,14,43d32d11d21d11d7d6d43d11d15d6d20d16d6d,7
C2018-09 CarSharing platform.xlsx,49,214d214d46d10d6d6d2d1d1d3d7d12d80d20d20d25d25d10d145d5d70d55d15d15d20d20d42d12d12d12d6d6d6d6d6d25d5d20d15d15d74d1d1d1d1d1d1d00,6
C2018-10 Fontein.xlsx,43,99d 1h2d3d60d12d5d3d2d5d 4h4h4h4h2h5d2d1d1d1d2d4h4d3d3d2d1d5d2d19d2d3d3d3d1d3d3d3d2d1d1d2d1d1d1h,2
C2018-11 Warehouse renovation.xlsx,30,9d 2h1d 7h5h2h4h1d 4h6h3d7d 4h2h1d 4h2d 4h6h1d 7h3d2d7h2d2h3h6h2h4h3h2h1d 4h6h2h3h3h,1
C2018-12 Cornflakes new taste.xlsx,19,275d 2h1d7d15d60d21d80d2d15d83d 2h6h32d10d25d10d2d62d 2h7d8d,3
C2018-13 Christmas market (2┬░.xlsx,34,131d 6h05d30d1d 2h2d30d14d14d20d7d1d 2h5d30d1d 2h2d3d2d2d1d1d6d2d1d7d1d2d30d1d 2h1d 2h1d 2h2d1d0,3
C2019-01 Lepelstraat.xlsx,87,533d1d1d10d1d36d1d1d1d2d1d2d16d2d1d1d1d2d5d2d1d12d2d3d10d4d15d5d1d2d2d2d2d10d1d8d1d11d11d3d5d10d1d2d2d5d2d1d3d2d2d12d20d4d2d4d3d6d1d4d2d2d4d2d2d1d25d25d30d2d5d15d10d3d2d5d5d10d2d2d1d2d10d1d1d1d1d,1
C2019-02 Social Housing.xlsx,19,352d171d15d15d20d9d5d1d45d5d5d5d5d31d40d21d25d19d1d,1
C2019-03 Emergency Department.xlsx,18,413d1d142d51d37d74d62d14d14d85d10d1d1d10d4d1d5d127d,1
C2019-04 Nuclear Healthcare.xlsx,38,373d18d21d51d20d56d24d5d1d1d15d1d10d5d5d1d1d10d5d15d15d60d55d5d1d41d31d10d8d1d99d14d1d11d76d9d11d1d,1
C2019-05 Fuel Tank Filter.xlsx,18,510d224d209d30d292d267d222d242d297d250d202d247d269d258d16d1d27d1d,1
C2019-06 Production Line Change.xlsx,26,480d291d21d1d21d21d1d21d151d156d117d122d277d100d100d155d152d127d211d105d105d130d20d63d21d10d,1
C2019-07 Gluing Machine.xlsx,9,150d10d85d10d10d15d15d16d13d,1
C2019-08 Labeling Machine.xlsx,8,115d10d13d10d56d15d9d14d,1
C2019-09 Recreation building.xlsx,46,215d110d10d10d7d10d7d2d8d18d9d8d12d21d14d9d3d5d15d3d3d5d2d2d99d15d15d14d11d11d5d10d5d2d2d3d2d3d2d1d4d4d1d1d1d1d,1
C2019-10 Family residence (3).xlsx,64,115d1d1d45d9d35d1d1d1d19d1d2d41d1d6d11d11d5d5d1d2d2d2d1d1d4d4d1d2d23d2d25d1d1d1d1d1d1d13d8d5d6d3d1d1d4d1d3d2d1d1d2d 2h1d 2h1d4d1d3d2d1d1d101d1d1d3d,1
C2019-11 Tournament infrastructure.xlsx,31,27d 3h03h5d2d 2h10d 2h2d6d1d1d1d1d3h2d1d3h1d1d2d1d1d1d1d1d1d1d1d1d3h6h0,2
C2019-12 Residential apartment building.xlsx,53,289d 1h7h16d 1h4d 6h1d 3h2d 1h20d 1h11d 3h7h3d 3h3d 1h1h1h6d 3h10d 4h2d1h10d 1h12d 1h5d 1h3d 3h1d10d 3h6d 4h5d 3h5d 7h17d1d15d 1h10d 4h1d18d1h2d41d 1h5d 5h1d 1h1d1d 1h5d 6h3d 2h5d 4h5d 3h5d 3h4d 1h5d 5h2d 1h1d3d 5h15d 5h4d1d8d 1h,2
C2019-13 Weekend trip organisation.xlsx,20,1d 18h4h1h2h1h1h4h2h1h3h5h3h1h1h4h2h1h3h4h2h,4
C2019-14 Weekend trip preparation.xlsx,33,67d67d67d2d 4h13d1d 4h3d 4h2d67d5d15d 4h2d4d2d40d2d 4h6d 4h2d 4h3d 4h3d 4h38d6d5d5d32d11d 4h3d3d22d2d 4h4h00,2
C2019-15 Electrical step sharing platform.xlsx,31,400d2d 4h20d5d5d15d10d5d55d25d15d25d10d45d10d5d10d50d60d15d10d2d 4h15d20d25d60d25d25d50d20d2d 4h,3
C2019-16 Lock Ganzepoot Excel.xlsx,33,23d2d2d1d1d1d1d1d01d1d1d1d1d1d1d1d1d3d2d01d1d1d1d1d2d2d2d01d1d1d,2
C2019-17 Wine production.xlsx,26,93d9d9d5d6d3d3d10d10d2d2d45d45d5d25d10d18d10d3d3d2d2d16d15d3d1d,1
C2019-18 Greenhouse.xlsx,24,163d15d11d25d11d19d15d10d12d11d15d5d15d10d25d12d15d20d10d29d10d10d5d0,7
C2019-19 Transitional house.xlsx,26,130d2d5d2d4d8d14d2d14d1d6d9d8d3d6d5d4d5d6d14d9d4d11d4d5d2d,7
C2019-20 Paradice.xlsx,40,362d 2h070d14d7d2d2d1d32d86d24d14d2d15d17d22d6d29d14d6d2d2d28d2d15d5d2d4d1d 2h2d3d4d2d1d1d1d2d2d10d2d,1
C2019-21 Tanglewood.xlsx,38,671d11d11d131d55d30d10d76d49d25d11d130d69d39d65d96d126d130d48d39d52d316d146d59d54d66d14d5d2d45d2d55d55d29d6d8d15d2d,4
C2019-22 BAM Deelproject 1.xlsx,1633,1203d1203d1203d000619d00000000000006d2d1d661d 4h661d 4h1d 1h5d4d3d1d1d2d4d1d1d0195d1d3d5d5d3d3d6d1d177d2d219d6d4d7d6d2d6d5d6d5d4d2d14d7d4d10d6d0153d112d1d1d2d3d1d2d2d1d4d1d1d1d2d5d3d1d2d1d117d1d2d3d1d2d3d5d2d2d1d2d67d2d3d3d2d1d1d6d1d2d2d2d6d2d3d067d1d2d14d1d1d3d5d2d4d17d2d5d5d16d3d1d2d2d3d2d2d8d12d3d2d9d2d1d2d1d1d1d3d2d2d153d37d5d4d3d32d4d3d3d5d3d1d2d2d0332d 4h203d10d1d8d7d04d3d05d06d2d3d3d2d5d2d1d1d1d05d23d2d3d5d3d15d5d20d1d1d2d5d6d5d3d2d15d112d 4h2d2d3d2d6d1d419d327d10d2d8d11d6d9d297d3d2d347d19d5d8d7d7d24d2d10d4d2d34d2d20d8d4d30d35d32d10d5d0148d18d20d6d17d5d38d29d5d3d3d14d334d241d241d16d4d8d10d21d27d16d1d130d3d2d14d5d3d5d1d5d1d15d4d8d2d14d10d10d10d6d5d5d25d3d2d3d127d5d3d16d5d3d7d1d7d1d19d6d10d3d5d4d3d3d5d4d4d20d3d2d3d118d5d4d14d5d3d5d1d5d1d14d4d8d2d10d10d8d8d5d4d4d18d3d2d3d113d5d4d14d5d3d5d1d5d1d15d4d8d2d5d4d3d3d5d4d4d13d3d2d3d92d5d4d19d5d3d5d1d5d1d14d4d8d2d5d4d3d3d5d4d4d6d3d2d3d25d116d15d5d4d14d5d3d5d1d5d1d14d4d8d2d5d4d3d3d5d4d4d9d3d2d3d94d5d4d14d5d3d5d1d3d1d11d3d6d2d5d4d3d3d5d4d4d9d3d2d3d3d3d108d5d4d14d5d3d5d1d20d15d15d5d1d2d14d4d8d2d5d4d3d3d5d4d4d8d3d2d3d86d8d6d18d5d4d7d1d30d15d15d3d1d11d3d6d2d5d4d3d3d5d4d4d8d3d2d3d93d8d6d15d5d3d5d1d30d15d15d5d1d14d4d8d2d5d4d3d3d5d4d4d13d3d2d3d93d8d6d15d5d3d5d1d30d15d15d5d1d14d4d8d2d5d4d3d3d5d4d4d13d3d2d3d11d4d3d4d159d3d3d64d5d2d6d2d11d6d11d3d3d49d5d2d6d2d10d6d2d3d3d142d5d2d8d2d3d8d2d3d3d5d20d18d5d34d5d2d8d2d2d8d2d3d3d161d10d18d10d2d89d2d2d5d2d1d34d10d12d10d15d10d15d4d5d10d10d19d29d10d2d10d40d10d18d2d2d1d4d28d5d13d62d10d2d2d2d1d4d33d10d18d139d5d5d10d5d2d3d3d3d3d2d2d2d5d5d10d66d41d2d3d2d2d2d2d1d1d1d1d42d4d3d2d2d2d2d2d2d2d2d43d2d2d1d1d1d1d1d1d1d1d23d2d22d2d14d21d2d14d3d14d1d3d2d1d1d37d2d8d10d6d3d4d18d13d9d82d82d82d2d16d13d1d3d6d7d7d3d020d15d15d5d957d40d210d954d5d15d365d35d365d3d2d5d1d1d4d1d4d3d11d3d5d2d116d10d2d4d6d2d4d2d5d10d8d29d10d177d471d1d5d40d59d49d15d25d20d40d330d10d33d5d15d3d15d15d15d2d3d5d4d48d10d4d3d3d5d6d4d2d2d2d4d1d1d1d1d1d1d5d140d3d2d4d3d2d10d7d11d2d5d3d15d3d2d4d2d3d3d2d5d2d095d3d22d3d3d3d6d16d4d2d5d5d3d2d7d2d1d2d2d1d1d2d3d1d186d10d6d5d10d4d4d20d19d 6h9d9d14d5d1d17d0583d4d1d49d253d3d2d31d9d13d27d4d7d5d4d6d6d4d1d2d8d13d19d5d5d2d10d20d1d2d28d5d4d4d2d6d2d6d1d1d1d1d36d2d1d2d2d2d5d5d1d10d1d1d3d2d3d1d1d1d1d1d258d10d5d15d15d3d5d2d3d3d3d4d2d5d2d5d5d5d3d18d8d2d33d0501d12d2d27d00000000004d4d4d1d7d3d3d1d3d6d23d2d20d15d10d10d10d3d4d3d2d3d2d2d5d88d6d1d16d1d1d3d2d4d3d4d2d3d5d6d8d7d7d6d5d4d3d2d4d3d3d5d32d3d2d1d3d1d3d52d03d3d3d1d4d4d1d4d3d2d3d3d2d36d2d2d4d9d1d1d1d1d1d1d1d1d1d1d1d1d1d1d1d1d500d227d 2h16d1d5d5d71d62d25d 2h13d19d2d4d2d10d8d4d21d3d5d5d1d346d06d17d4d5d43d10d2d212d19d14d2d21d12d12d3d4d1d4d4d6d2d1d5d54d24d5d2d5d2d2d1d2d5d23d53d5d3d5d2d2d1d22d2d1d2d2d2d0217d3d22d10d7d22d9d33d23d3d4d9d9d5d3d5d5d6d5d15d17d2d19d10d35d711d100d0066d1d9d2d2d7d6d1d3d3d5d4d4d4d95d12d10d2d7d1d5d30d37d4d1d1d4d2d8d1d6d2d1d86d2d4d25d5d3d3d6d1d2d1d1d1d408d 1h3d4d39d03d19d1d3d1d5d1d2d3d1d1d4d4d1d2d2d4d4d8d92d1d321d1d265d3d4d26d1d2d2d4d2d2d1d1d3d2d2d1d9d8d1d1d1d13d0185d03d7d3d2d5d15d3d2d5d21d11d12d5d5d031d8d12d14d631d020d20d345d04d59d13d4d28d5d57d19d2d2d2d2d13d3d3d2d3d8d7d7d54d19d1d2d1d2d3d1d3d2d20d1d2d4d3d3d1d4d3d5d260d5d10d59d2d1d2d1d2d8d2d1d2d3d4d2d165d152d27d5d18d5d4d3d15d5d10d5d77d10d9d3d9d21d8d25d19d2d3d2d1d1d2d1d1d1d1d2d2d1d1d22d2d3d2d1d1d1d1d1d1d2d2d1d1d6d568d19d5d5d5d5d59d329d78d078d0300d10d169d35d24d45d2d9d2d4d16d2d16d2d1d4d4d2d4d1d10d10d3d0131d5d31d5d5d5d5d5d3d18d10d15d16d1174d20d737d00176d00029d022d503d114d38d3d2d06d5d20d5d184d5d2d2d3d2d5d1d1d1d3d1d2d1d1d3d3d3d12d1d2d2d2d1d10d4d13d86d08d47d4d5d77d6d2d2d3d2d5d2d1d1d1d4d3d2d1d1d3d3d3d3d3d1d2d2d2d1d10d9d2d44d03d26d3d9d41d10d31d47d25d20d95d74d4d894d 1h0544d15d12d22d29d15d57d 4h20d044d2d5d50d5d5d10d2d5d1d5d5d2d147d3d2d3d20d35d5d5d5d64d10d177d84d61d041d27d136d5d7d45d5d5d4d2d6d2d9d9d4d59d8d9d460d 1h5d15d30d4d5d40d18d20d340d 1h100d,1
C2019-23 BAM Deelproject 2.xlsx,769,1188d1188d1188d001188d291d0000000000000001d1188d00000000000001d1d884d563d1d34d24d3d442d132d132d132d75d15d442d88d88d22d3d13d2d2d21d0034d2d2d32d5d8d5d442d5d2d2d5d3d2d2d2d2d2d22d3d4d3d6d4d5d34d62d15d5d5d3d7d2d2d359d5d40d15d4d10d3d3d7d10d5d5d15d16d8d5d9d3d4d3d3d8d15d4d3d1d1d2d3d1d2d735d01d8d8d0929d15d44d00157d47d30d45d20d15d5d2d15d10d23d0112d3d2d5d5d5d10d5d3d15d0077d00038d5d2d6d5d5d2d8d6d3d8d144d010d5d5d032d1d10d2d3d4d4d4d2d1d15d2d2d4d4d2d1d15d2d2d2d4d3d2d1d12d1d2d4d2d5d5d11d11d2d2d4d3d14d8d2d1d2d2d1d1d6d1d1d2d2d2d2d11d2d2d4d3d125d5d1d1d1d1d1d1d5d1d1d2d1d1d1d59d10d5d10d7d 4h10d8d5d4d10d80d80d1d8d8d1d1d1d1d1d1d1d1d2d1d1d1d1d1d1d5d21d1d5d3d3d2d6d1d32d1d9d7d 1h1d1d1d1d01d1d1d1d1d1d1d57d9d9d3d2d4d1d1d1d1d1d1d12d5d5d2d13d2d2d2d2d2d1d15d8d8d2d2d3d2d2d2d13d1d2d2d2d3d3d65d02d3d13d5d4d027d2d24d1d58d3d5d2d64d64d1187d377d90d112d13d2d2d8d620d357d61d2d10d59d1d1d1d1d1d10d4d60d23d3d20d57d5d52d44d18d2d106d2d2d2d2d1d2d4d5d10d2d52d66d2d1d3d10d30d5d043d1d3d1d5d5d3d1d1d1d1d1d1d1d3d20d5d15d15d390d128d043d15d6d14d22d237d1d2d2d5d5d114d7d43d76d010d1d6d97d4d1d16d2d26d9d24d3d2d183d68d5d15d48d111d2d25d5d15d15d25d5d1d3d2d2d13d3d3d2d7d80d49d1d2d5d5d2d5d2d24d48d08d5d5d5d5d10d10d16d10d93d1d92d5d5d7d10d10d5d5d5d10d5d5d2d1d86d04d35d20d4d3d10d5d10d25d29d1d1d2d2d10d2d1d1d2d1d2d3d1d90d089d1d3d20d6d10d5d10d5d24d5d1d14d2d2d3d1d1d5d28d2d3d4d4d5d4d3d299d00038d2d1d5d2d5d2d5d4d299d5d10d15d10d1d10d16d5d15d10d10d15d14d29d6d0087d87d1d4d20d10d10d4d4d5d4d6d15d15d330d279d022d01d1d5d5d8d2d1d1d7d5d10d309d016d1d1d5d4d4d2d34d29d10d19d2d2d2d3d2d1d2d5d300d125d38d10d8d80d5d6d4d5d33d1d18d10d0135d04d7d47d47d5d2d45d5d13d20d20d16d4d7d5d69d32d7d2d2d2d60d11d4d4d4d19d1d6d13d2d171d2d10d7d5d2d5d2d2d9d1d5d145d03d3d2d2d11d2d1d3d2d1d2d5d29d32d1d5d1d2d2d2d2d2d2d1d1d2d9d5d94d02d2d5d5d3d2d3d1d1d3d10d5d,1
C2019-24 BAM Deelproject 3b.xlsx,1595,1041d1041d1041d00231d00231d00000001041d601d88d88d20d20d0010d10d23d10d0573d292d034d28d15d10d20d10d142d11d25d6d6d22d11d16d6d10d20d10d10d30d53d24d4d5d4d3d427d005d2d2d312d5d1d3d15d41d1d3d2d313d03d2d10d2d2d1d18d234d9d1d24d35d10d1d5d9d9d10d10d15d323d5d1d7d1d2d18d7d1d5d1d3d1d1d1d5d5d2d3d3d1d6d2d2d1d194d10d10d20d10d15d10d17d10d20d10d1d40d10d15d15d5d5d5d523d372d010d22d17d5d9d46d46d016d9d354d0002d011d61d1d4d3d5d3d5d1d1d62d22d15d2d7d2d1d10d10d15d262d15d63d88d86d60d79d54d5d91d5d670d21d21d75d020d4d1d5d4d2d1d3d14d2d1d5d1d5d17d2d1d10d10d4d14d8d132d030d5d1d10d3d1d10d24d2d1d10d1d10d33d2d1d10d10d1d5d4d10d34d8d548d548d24d35d76d10d1d1d2d497d332d12d59d4d1d31d72d37d15d487d001d5d1d4d5d3d5d4d1d3d10d1d21d3d1d3d5d10d2d241d20d10d20d15d11d17d15d30d07d30d10d20d2d1d561d195d9d84d5d20d531d0005d01d7d1d7d10d2d1d5d15d1d2d1d5d6d21d5d10d2d266d20d33d30d30d11d17d8d10d10d1d579d90d9d0552d59d001d1d5d15d5d24d27d2d1d5d3d5d20d10d22d10d20d1d2d10d1d2d10d5d3d2d13d10d4d3d7d1d424d20d20d10d20d20d29d13d21d60d15d2d1d10d9d537d537d72d15d54d27d1d8d8d8d10d27d5d5d10d14d10d10d5d5d27d5d6d14d7d7d1d5d1d17d3d14d7d3d3d0018d2d9d9d7d1d1d1d9d1d1d2d2d22d7d19d9d9d9d9d15d48d8d9d5d5d20d10d660d477d477d15d7d10d10d10d5d10d10d30d27d12d10d15d324d45d15d20d25d557d327d25d1d10d5d22d11d11d1d10d5d26d3d10d1d557d30d1d1d23d4d40d3d12d001d1d1d3d11d10d50d1d13d2d1d4d2d4d1d5d1d7d6d1d5d35d10d1d1d1d5d21d5d5d341d20d10d15d25d167d30d11d9d30d10d10d31d10d15d15d5d4d15d597d132d23d5d18d5d10d1d597d00061d20d24d5d14d3d53d55d26d9d40d1d4d4d3d4d7d30d2d1d7d2d195d30d12d13d10d10d10d9d644d226d15d15d10d2d1d1d5d617d00015d24d15d1d7d7d37d27d40d32d1d3d7d4d1d6d6d20d20d10d350d191d 1h35d60d15d15d20d47d21d10d9d616d512d512d10d15d10d5d2d2d606d234d5d132d173d15d25d606d5d5d10d00108d5d15d8d10d25d7d10d1d2d5d1d1d10d3d1d1d1d5d15d1d1d1d1d57d4d13d1d1d23d1d2d13d2d262d20d10d20d25d25d10d8d25d10d20d30d25d10d1d512d205d128d10d1d10d15d478d0009d5d5d10d9d2d1d1d5d10d40d29d1d3d1d3d5d13d2d15d10d10d10d269d15d141d15d20d25d147d15d15d15d29d1d501d134d128d24d501d000017d21d23d1d35d1d18d1d32d3d10d1d10d5d15d8d10d2d2d1d3d3d5d5d1d10d14d21d4d5d13d5d1d15d10d10d10d336d85d79d10d35d155d150d25d20d15d35d20d20d22d5d15d10d35d8d18d3d10d9d554d160d160d1d18d30d130d19d2d5d2d1d5d5d1d10d7d1d01d02d2d1d1d7d542d315d10d20d20d10d15d84d0328d5d1d0040d1d30d22d1d2d4d20d8d35d1d1d2d1d1d2d8d4d5d1d163d15d20d30d10d25d5d25d5d12d13d30d10d5d2d10d431d10d10d0404d40d67d1d30d8d20d45d29d0011d9d14d1d3d6d5d5d5d5d21d8d2d2d1d4d4d1d1d1d184d20d15d35d10d25d12d13d30d10d8d20d15d35d25d12d13d30d8d1d0042d20d20d20d20d177d00060d60d049d892d70d15d10d5d15d10d5d6d06d20d15d5d20d15d5d20d15d5d129d55d0055d0055d0021d0021d0053d0053d0053d0043d0053d0053d0053d0053d0053d0053d0096d0096d0000044d0004d0026d0026d004d0000000000000000000000019d0000000838d0000000784d000034d00000000000000000020d0000000000030d00042d40d0040d0039d0039d0038d0038d0037d0041d0041d0035d0036d0042d0032d0022d0013d0013d0013d0023d0024d00000000000045d000000005d0000040d000000009d0000000000000000170d126d126d5d46d46d1d1d1d1d047d01d1d1d3d01d4h4h4h4h4h4h4h4h4h4h01d1d63d2d4d1d1d1d1d1d1d1d1d1d1d1d1d1d1d093d1d1d1d1d1d1d1d2d1d1d1d2d2d1d39d01d5d21d1d1d1d1d1d1d1d1d1d1d091d4h4h4h1d16d9d1d1d1d1d1d1d1d1d1d1d1d1d1d9d9d9d9d1d1d1d1d1d1d1d1d1d1d1d1d1d1d1d1d1d1d1d1d1d017d5d1d8d8d1d1d1d10d04h4h4h4h04h4h4h4h4h4h4h4h4h4h4h04h4h4h4h4h4h4h4h4h004h4h4h4h4h4h4h4h4h4h4h4h4h4h4h4h4h4h029d9d83d1d1d1d1d1d1d1d1d1d1d1d1d1d1d1d1d1d1d1d1d1d1d08d01d1d1d1d032d2d1d1d2d2d1d1d60d01d1d2d2d1d1d1d1d1d94d94d01d01d1d1d1d1d1d1d01d1d4h4h1d2d02d2d3d3d5d2d1d18d1d1d2d1d1d1d1d1d001d1d1d4d1d1d1d1d86d86d02d3d088d88d88d14d3d030d02d1d1d39d20d09d9d9d9d9d9d9d9d9d9d9d6d5d1d1d14d013d13d13d3d3d14d14d034d34d5d5d5d5d5d5d5d5d1d37d37d60d60d60d,1
C2019-25 BAM Deelproject 3b.xlsx,2155,1306d1306d1306d00537d00537d000000000000000001d1d00103d06d2d1281d857d503d503d17d2d9d5d98d8d5d5d5d5d5d5d5d5d5d5d5d5d5d5d5d4d2d113d20d5d5d5d5d5d5d16d10d183d5d5d5d5d5d5d3d112d396d5d8d5d5d5d5d87d5d118d 6h15d20d19d15d12d1d8d10d10d5d15d383d0000000000000060d179d10d10d88d20d445d445d348d05d83d24d15d385d99d72d93d15d10d5d28d23d15d4d498d498d128d00010d5d5d15d6d6d6d89d015d10d10d5d5d15d6d6d6d472d05d015d141d15d020d7d3d5d5d6d8d5d5d5d10d2d5d10d782d495d287d139d5d5d1d83d3d120d14d3d1d15d3d148d4d18d1d38d3d95d7d5d1d15d3d90d7d5d1d32d3d132d14d5d1d15d3d114d5d6d1d22d3d372d105d21d4d15d15d15d1d20d7d67d14d3d1d7d72d15d7d1d7d123d22d23d9d1d15d7d128d32d18d5d1d7d334d17d3d1d31d7d15d72d53d4d3d1d3d50d4d1d03d572d84d0050d17d8d6d7d1d10d15d7d1d19d33d1d9d1d5d1d5d1d5d1d5d1d5d1d5d1d1d5d604d00396d395d264d05d1d5d15d10d3d5d5d1d2d40d1d5d328d1d10d5d10d1d7d5d5d3d13d2d2d1d2d10d1d338d1d10d5d10d1d5d5d3d5d2d1d2d10d5d1d395d15d15d32d38d10d10d10d5d25d337d337d4d1d1d1d3d260d4d1d1d1d3d148d15d33d72d45d25d5d288d288d22d5d5d9d3d1d5d1d2d3d2d3d5d3d5d1d3d144d5d10d5d10d15d40d9d266d001d4d2d5d5d2d5d4d5d313d11d33d25d20d16d14d10d11d25d31d25d25d58d20d30d15d677d355d68d20d10d10d14d3d88d5d20d17d1d4d4d4d20d10d10d10d1d3d3d3d2d41d15d5d15d115d15d8d3d12d5d5d2d5d2d5d2d5d2d5d2d5d253d9d2d3d4d3d1d9d2d3d4d2d8d1d3d6d1d185d2d1d4d4d1d16d4d4d3d6d2d17d1d1d3d6d2d38d10d5d1d3d5d2d21d5d1d3d4d1d185d109d15d8d1d7d107d44d5d1d7d76d7d5d1d5d74d12d3d1d7d468d00020d10d1d5d10d4d10d10d10d10d10d15d7d1d10d1d10d1d10d1d5d1d5d5d182d30d5d25d75d43d30d79d10d40d30d43d668d324d80d50d5d56d166d15d22d32d32d467d00014d1d4d10d10d10d5d3d10d10d5d1d10d1d20d7d184d31d15d22d75d32d25d83d10d51d30d30d43d353d353d353d22d210d22d8d4d4d1d13d6d253d10d10d10d14d10d10d62d15d5d283d40d10d10d10d64d27d6d6d455d455d321d5d11d5d5d5d5d8d15d1d8d5d10d10d10d281d70d12d1d5d3d15d35d10d10d328d5d11d16d8d44d11d10d8d13d42d15d36d5d8d40d15d5d5d415d8d5d23d6d15d19d16d10d1d5d14d1d1d1d14d637d025d47d1d15d15d15d7d6d6d80d35d35d9d5d596d5d3d8d9d37d013d9d5d5d5d15d4d496d64d25d10d10d7d3d4d9d10d13d5d30d15d5d015d20d20d54d15d25d32d9d4d5d5d15d10d15d5d010d5d35d11d76d55d5d7d5d5d12d2d5d5d55d25d40d15d5d10d31d0000000222d16d16d32d25d22d013d11d5d5d5d20d10d104d23d5d5d76d10d7d65d14d75d011d3d3d1d2d382d11d5d15d20d20d9d5d24d10d70d22d22d2d10d15d25d5d86d21d10d2d3d5d1d234d97d7d3d15d12d17d21d10d4d15d176d176d0027d23d10d31d28d65d10d15d10d10d6d5d5d1d948d794d16d6d5d93d93d46d5d46d144d15d5d2d80d6d6d6d6d10d10d10d110d10d10d9d10d10d12d12d10d58d10d10d65d13d10d15d5d4d85d13d19d11d5d4d104d39d17d10d5d4d6d31d295d10d5d26d10d5d5d10d15d5d14d75d5d381d19d4d5d05d2d3d5d377d7d8d5d342d10d5d8d8d8d10d9d10d193d7d8d8d3d8d5d05d10d14d6d209d190d13d5d5d5d2d5d8d5d3d8d10d5d10d5d35d55d3d3d14d48d72d3d7d9d9d58d3d7d9d9d52d3d7d7d7d61d3d11d7d7d31d5d5d5d3d10d327d251d10d92d2d3d10d10d5d95d2d5d10d10d5d87d2d5d10d10d5d75d2d10d10d3d10d10d5d65d2d5d10d7d4d2d202d3d5d5d5d10d10d10d8d3d200d3d5d5d3d5d10d10d10d3d4d248d37d2d5d10d10d5d40d2d3d2d5d10d10d5d5d60d2d6d7d5d10d10d5d78d2d6d5d5d10d10d5d10d116d3d5d3d5d10d21d3d138d5d26d17d12d13d38d390d10d1d225d25d35d15d15d15d40d20d0012d373d373d04d02d9d2d9d2d3d10d5d10d9d10d5d22d10d1d20d5d187d15d15d10d25d8d14d8d30d10d4d12d23d8d9d23d15d8d12d25d19d23d205d192d42d5d28d6d8d8d4d10d9d7d5d10d5d10d163d30d30d10d14d10d25d15d10d15d15d20d25d18d8d5d15d10d20d35d20d25d386d316d05d8d5d9d5d2d3d3d1d1d2d3d10d5d9d5d10d10d5d90d199d15d19d8d24d8d20d12d13d12d12d17d29d13d7d4d10d10d8d25d25d20d38d247d195d25d30d15d10d40d35d0013d230d192d28d3d7d1d7d5d3d10d5d4d10d10d5d213d35d15d23d18d10d20d15d7d15d15d9d27d13d15d5d9d10d10d23d13d30d20d38d210d137d7d10d35d14d5d10d10d5d10d5d210d35d20d29d13d10d20d15d14d14d15d9d27d13d15d9d10d15d23d22d30d17d23d242d207d5d8d5d3d2d10d5d1d3d1d9d10d10d5d215d40d15d18d18d10d14d14d15d9d9d33d15d9d10d15d23d20d30d20d23d321d13d3d1d10d2h2h3h2h4h2h4h4h3d1d1d2d10d2h2h3h2h4h2h4h4h3d1d1d2d9d2h2h3h4h4h2h1d 2h1d 2h1d 4h4h2d1d1d1d9d2h2h3h4h4h2h1d 2h1d 2h1d 4h4h2d1d1d1d300d300d295d10d2d7d1d14d4d2d3d4d1d88d5d3d10d1d1d2d1d023d15d4d1d5d5d45d6d15d8d1d10d5d148d2d5d11d1d3d1d1d1d6d3d2d1d7d1d2d4d1d6d2d3d1d22d3d5d1d7d2d99d1d15d5d10d15d5d1153d393d0060d30d30d0060d35d131d 2h118d44d44d2d4d10d5d5d11d5d6d10d5d5d17d15d1d1d15d1d1d15d1d1d15d1d1d3d1d2d3d1d2d2d1d1d3d1d2d1d0057d11d1d5d21d1d10d57d1d1d1d5d6d5d1d3d2d1d3d2d1d3d2d1d3d2d1d46d3d3d3d31d50d0005d59d0002d2d58d2d005d103d052d48d3d8d2d2d2d2d27d20d20d7d6d2d2d2d7d5d2d5d5d11d0002d1d1d1d1d1d00098d95d5d21d1d1d1d1d20d5d5d5d5d5d4d4d4d4d4d7d1d1d1d1d1d1d1d1d2d2d36d36d16d4d2d1d1d1d1d1d1d1d18d18d1d1d8d8d5d5d2h2h1d1d1d1d1d1d1d1d62d62d2d1d1d1d2d1d1d1d1d1d01d15d 6h1d1d1d1d1d2d2d3d3d2d2d4d1d18d046d1d1d1d1d1d1d1d1d1d1d1d1d1d1d1d1d32d 6h02d021d 2h6d1d05d1d1d20d 2h10d7d7d7d7d7d7d7d7d8d 2h2d1d1d31d31d031d31d31d60d60d60d918d847d27d27d5d5d27d5d5d27d5d5d24d5d24d1d5d5d24d5d1d24d5d1d24d5d1d24d5d1d24d5d1d24d5d1d24d5d1d47d4d02d2d2d1d01d1d01d1d01d1d01d00044d01d1d110d00020d64d00020d066d00005d14d0000000003d3d2d1d3d2d1d000817d2d2d2d2d24d2d2d1d23d000000006d1d1d02d2d2d2d2d2d158d97d20d1d1d1d1d1d1d1d1d1d1d1d1d1d1d6d2d2d2d2d2d2d2d5d5d5d5d10d1d1d1d1d1d1d1d1d1d1d1d1d1d1d1d1d1d1d2d2d2d2d4h4h4h2d2d2d2d2d2d2d2d2h2h1d1d1d2h2h5d1d1d53d53d5d5d5d5d5d5d5d5d01d1d1d1d1d1d1d1d1d2d2d3d3d5d1d052d1d1d1d1d1d1d1d1d1d1d1d1d1d1d1d1d1d1d5d05d067d6d1d05d1d1d38d14d1d1d1d1d1d1d1d1d1d1d1d1d4h4h4h4h4h4h4h4h4h4h4h4h4d4h4h4h4h4h4h4h4h3d3d29d29d28d28d028d30d30d60d60d60d,1
C2019-26 BAM Deelproject 4.xlsx,758,897d897d897d00000408d47d030d120d113d15d17d0049d0053d0016d00146d0013d2d1d1d5d3d1d4d00358d4d171d5d18d119d012d1d10d4d34d1d1d10d4d5d4d4d25d358d49d016d149d5d6d3d20d5d6d7d5d2d2d3d4d3d3d30d1d1d37d34d04d1d2d3d5d2d5d1d1d2d17d15d2d021d3d3d3d3d3d2d2d1d1d1d82d5d4d2d2d8d4d4d1d4d8d9d3d5d2d5d1d174d4d6d6d4d6d2d2d9d9d1d1d1d1d10d17d10d25d58d5d25d25d40d5d10d4d5d58d10d4d4d1d1d1d5d2d1d1d1d03d1d10d23d02d2d3d2d2d53d4d5d134d27d11d7d4d9d5d4d5d5d01d134d4d4d4d4d4d8d2d2d2d2d2d127d5d5d10d376d4d7d4d46d028d0308d49d3d3d7d03d4d1d3d2d2d4d2d5d5d1d4d2d12d6d5d1d1d64d16d4d5d4d5d5d10d30d4d5d5d10d10d314d5d45d129d5d74d1d20d05d5d3d10d3d4d10d2d1d2d6d1d6d3d10d20d0142d3d1d2d7d14d9d1d3d4d10d70d001d8d7d7d2d2d4d39d4d13d64d6d5d20d4d5d1d4d4d204d03d3d4d1d1d2d2d2d3d2d3d4d016d113d0015d3d1d1d2d6d2d2d4d2d1d1d1d2d2d6d498d145d23d007d11d1d2d2d1d67d52d52d21d000000000001d1d1d1d2d1d1d1d1d6d1d1d1d6d11d41d02d1d1d2d3d3d2d2d1d1d1d1d1d000000000005d005d6d1d472d42d005d6d37d037d49d05d3d3d3d3d3d2d2d5d1d4d1d2d1d1d1d1d1d1d1d3d2d3d2d2d10d5d3d9d72d3d2d2d1d2d2d2d2d1d1d3d3d3d3d3d3d3d3d3d1d2d2d1d1d2d1d2d1d24d114d2d1d1d1d3d1d1d2d03d2d2d2d03d3d1d2d2d1d3d3d3d3d3d3d3d3d3d3d3d1d2d5d5d4d4d10d30d423d2d1d1d2d2d2d3d02d1d1d7d01d1d3d3d3d3d3d3d3d3d1d2d2d2d1d2d2d2d2d05d20d5d026d11d10d645d63d20d5d2d0108d1d5d2d12d1d2d5d3d15d3d2d5d11d30d1d135d1d18d 2h2d3d2d2d5d3d18d3d2d5d23d20d10d383d383d19d5d1d1d4d9d10d1d1d9d40d2d3d144d5d5d1d2d3d10d2d3d26d172d1d3d2d5d1d1d1d1d2d2d2d26d2d2d3d2d1d1d1d1d1d2d1d104d1d3d3d15d2d3d3d2d2d5d3d1d1d1d1d1d37d01d1d1d5d1d2d2d2d11d129d01d1d10d3d1d1d3d2d1d1d2d2d2d2d2d104d1d1d2d02d5d4d11d2d1d3d51d46d1d1d1d1d1d2d1d31d1d3d2d1d4d120d1d25d01d24d91d1d2d2d2d2d10d5d5d6d15d3d10d1d5d5d6d2d5d5d20d,1
C2019-27 BAM Deelproject 6.xlsx,1029,834d834d834d00000831d04d1d1d1d1d1d3d84d00214d00830d18d1d5d6d5d5d12d14d12d5d230d41d5d2d2d2d2d2d4d5d15d7d244d11d3d5d4d5d8d6d1d1d3d1d1d5d1d1d1d1d1d1d1d9d7d1d1d1d1d2d5d1d1d3d5d5d7d10d6d3d20d21d16d01d2d1d1d1d1d1d1d1d21d01d2d1d1d1d1d1d1d1d21d01d2d1d1d1d1d1d1d1d41d10d01d2d1d1d1d2d1d1d1d17d01d2d1d1d1d2d1d1d1d2d5d30d577d3d10d24d10d7d1d12d2d220d32d3d1d4d20d7d1d3d2d2d127d0063d00830d23d2d5d6d15d10d12d44d5d15d20d15d290d48d10d3d15d10d8d16d10d14d2d0225d5d9d9d7d7d4d10d10d01d2d1d3d1d1d1d1d1d2d2d1d1d11d01d2d1d3d1d1d1d1d1d2d2d1d1d25d 4h01d2d1d3d1d1d1d1d1d2d2d1d1d26d 4h01d2d1d3d1d1d1d1d1d2d2d1d1d27d 4h01d2d1d3d1d1d1d1d1d2d2d1d1d26d01d2d1d3d1d1d1d1d1d2d1d 4h1d1d25d01d2d1d3d1d1d1d1d1d2d1d 4h1d1d8d8d5d1d1d4d7d10d20d5d22d10d5d4d20d5d5d2d3d2d3d8d3d20d4d2d2d1d5d1d2d592d10d27d20d6d2d10d15d18d220d32d8d4d3d1d4d349d25d2d5d6d10d22d19d63d22d7d5d10d275d61d5d5d5d5d5d2d17d0111d5d5d3d24d5d5d4d10d3d12d3d1d4d320d31d281d39d10d17d11d134d12d1d1d1d1d1d1d1d1d1d1d5d1d1d1d1d1d1d63d4d2d2d2d2d4d2d1d1d1d1d1d1d1d1d1d1d1d1d1d3d3d1d1d1d4d1d1d1d1d2d1d1d1d2d5d2d6d 4h2d2d65d8d2d2d2d2d2d2d1d1d1d1d1d1d1d1d1d1d1d1d1d1d1d2d10d2d7d2d1d2d7d2d2d1d1d2d57d4d2d2d2d2d4d4d5d4d1d1d1d1d1d2d2d2d2d8d7d11d38d1d1d1d1d1d1d1d2d1d1d4d1d1d1d1d1d1d1d2d5d2d2d3d1d2d2d1d1d8d5d3d3d5d10d5d2d4d3d3d29d448d52d48d17d2d1d10d5d1d3d2d2d1d2d5d5d29d1d10d1d9d23d23d5d1d12d20d5d23d1d1d10d5d18d2d5d2d1d1d1d1d2d1d2d2d1d2d8d2d2d2d2d10d4d10d3d001d001d003d0065d5d1d2d2d10d1d2d4d2d1d10d2d2d3d2d1d15d3d2d2d2d3d15d6d346d68d68d1d00115d14d1d8d3d2d8d43d34d10d0013d01d5d2d2d2d2d6d4d04d4d0491d0005d9d6d5d2d4d1d4d4d81d55d35d11d56d58d36d40d32d321d41d9d1d17d35d36d98d15d5d22d10d10d2d22d013d10d10d13d1d5d46d9d10d9d5d6d127d51d33d13d9d9d39d79d9d5d10d10d8d4d3d216d 2h6d2d6d7d4d3d2d236d29d111d126d98d75d300d203d203d199d199d32d32d32d32d7d2d2d2d1d216d 2h13d27d15d54d2d3d2d16d3d3d3d7d1d150d 2h1d15d2d2d2d5d19d8d9d42d 2h9d14d74d69d70d72d74d355d 2h95d235d154d142d184d175d2d3d2d2d10d159d139d9d3d10d82d99d84d7d3d10d42d63d094d94d20d89d2d1d15d1d3d6d3d89d2d2d1d1d1d2d2d1d3d1d1d1d3d1d6d3d1d1d1d26d1d2d2d6d2d84d10d5d10d5d7d162d33d3d1d3d30d30d52d10d1d10d10d13d5d5d31d2d2d3d3d3d3d10d5d26d5d2d2d3d2d5d4d2d3d3d073d6d1d5d6d2d16d10d5d71d10d2d5d5d5d5d5d10d69d2d5d5d5d1d10d5d17d5d5d20d15d10d8d2d3d070d002d3d44d04d2d5d4d4d5d7d3d4d0453d30d15d5d20d15d20d018d04d6d30d2d7d2d81d5d34d230d4d020d1d139d111d06d2d6d6d6d3d5d1d1d148d131d08d3d62d9d1d1d5d19d6d3d1d5d1d2d2d2d2d2d5d151d2d7d1d0,1
C2019-28 BAM Deelproject 7.xlsx,154,863d863d863d0024d00223d95d4d5d5d17d52d1d1d06d10d6d6d3d3d2d5d1d4d3d131d2d3d2d4d4d5d15d7d2d20d5d3d9d2d74d074d0254d66d5d3d3d3d4d8d5d6d3d2d5d6d3d188d2d3d2d3d5d20d7d6d20d5d10d10d2d122d074d0489d104d5d4d45d2d8d10d8d4d3d3d2d4d390d2d5d2d2d3d4d20d5d8d20d25d10d2d3d10d2d74d074d0201d5d5d30d5d85d13d029d8d6d6d5d4d269d2d5d210d09d5d8d9d6d27d8d12d5d5d4d1d75d94d20d1d140d28d33d,1
C2020-01 Upgrading a racing car.xlsx,55,45d5d1d 2h4d5d12d12d6d6d1d2d4d6d4d4d6d1d2d4d6d3d8d2d5d4d3d3d15d4d2d1d3d2d1d5d7d6d8d4d1d3d2d1d2d1d12d10d12d11d4d1d4d4d1d1d,1
C2022-01 Student kick-off Kramersplein.xlsx,188,5d 3h3h2h2h2h1h1h1h1h2h2h1h1h1h1h2h2h1h1h1h1h2h2h1h1h1h1h000002h002h04h2h001h3h3h2h2h0000000000000007h7h2h1h1h1h1h1h1h1h1h00000000000000000000000000000000000000000000000000000000000000000002h2h2h1h1h1h01h1h02d 2h0000006h00000000000000000001h1h1h1h2h0007h7h2h2h,1
C2022-02 Student kick-off Sint-Pietersplein.xlsx,159,3d 6h2h2h2h2h1h1h1h1h2h2h1h1h1h1h2h2h1h1h1h1h2h2h1h1h1h1h000002h002h04h2h001h3h3h2h2h00000000000000000000000000000000000000000000000000000000000000000000000002h2h2h1h1h1h02d 2h000000000000000000000001h1h2h006h6h2h2h,1
C2023-01 House renovation.xlsx,31,270d270d5d20d5d10d20d20d5d14d10d10d30d30d5d5d5d15d15d15d15d15d10d10d7d7d10d10d10d1d,2
C2023-02 Security.xlsx,67,251d1h1d5d10d10d10d5d5d10d15d5d10d5d5d30d1h5d30d20d2d10d70d2d10d10d10d10d10d1d15d15d10d5d15d10d20d5d5d5d5d5d1d15d5d10d10d10d20d5d5d5d5d5d5d5d,4
C2023-03 metaBOF.xlsx,110,230d002d10d10d10d50d21d10d10d10d10d10d10d10d10d10d10d10d10d20d10d10d25d25d25d25d10d25d25d6d05d0112d10d100d60d10d100d30d5d5d20d20d20d20d5d25d25d25d15d5d10d10d75d75d75d6d1d5d045d20d25d85d50d50d22d01d85d85d41d20d15d15d27d10d10d10d10d10d5d5d01d5d015d1d15d30d30d25d5d5d15d15d15d42d20d10d10d10d5d05d0,44
C2023-04 Six Story Apartment.xlsx,31,341d5d5d5d10d10d15d15d15d5d5d5d10d10d10d15d10d20d20d20d5d20d10d10d10d10d10d15d10d5d5d,1
C2023-05 IT Data migration.xlsx,77,15d15d5d3d3d4d2d2d2d2d2d2d2d2d4d3d3d2d2d3d3d3d3d3d3d2d7d3d3d1d3d3d1d1d1d1d1d1d1d1d1d1d1d1d1d1d1d1d1d1d3d3d3d3d4d2d2d3d3d3d5d3d3d,4
C2023-06 Steel industry.xlsx,802,9d 15h1h0h2h1h1h0h1h3h3h1h0h0h2h0h0h0h2h0h1h0h1h0h25h5h5h0h3h3h1h4h0h0h0h0h5h5h0h0h0h0h2h2h0h4h0h0h0h0h0h0h1h0h2h1h0h0h1h0h0h0h0h0h7h0h0h7h7h1h1h1h2h0h2h0h6h6h6h7h7h1h1h2h2h2h0h0h0h0h3h1h0h0h0h3h1h0h1h0h1h1h0h1h0h0h1h1h2h0h4h4h3h0h1h0h1d 1h2h1h1h1h0h0h0h0h0h8h0h1h1h5h0h0h1h1h2h0h1h4h0h0h0h0h1h0h0h0h0h0h0h0h0h0h11h10h1h1h4d 10h9h29h54h1h14h2h0h0h1h2h2h1h6h3h3h1h0h0h18h3h4h0h4h3d 16h2h0h1h1h6h6h8h8h24h16h16h1h6h16h0h9h0h16h2h0h1h2d 5h2h43h8h5h0h0h0h0h4h0h0h0h2h1h0h0h18h0h0h0h1d 15h9h0h6h2h22h8h8h8h4h2d8h8h8h0h0h8h32h4h8h0h8h6h0h0h2h2h1h3h1h1h22h0h0h1h1h1h1h1h0h1h0h1h2h2h14h0h3h1h7h2h0h17h0h0h0h1h1h0h1h9h4h0h1h6h3d 23h1h14h4h22h4h2h2h2h7d 6h22h4d 8h8h51h51h7d 5h0h2h4h12h11h14h2h2h2h4h10h2h5d 14h3h1h1h0h0h15h1h5h1h8h19h1h3h2h0h1h8h1h1h2h1h8h1h2h1h0h1h4h2h1h0h1h2h0h2h1h0h0h0h7h2h2h1h1h1h6h1h75h75h4h4d 5h0h0h0h0h0h0h0h0h0h0h0h3d 22h0h0h4h8h4h2h2h0h8h4h4h8h4h0h0h3h0h2h2h1h2h0h0h0h0h1h2h0h0d0h8d 14h20h1d 16h8h4h7d 4h1h2h1h0h1h0h1h2h2h8h6h10h1h1h1d 3h8h6h0h4d 22h8h1d2h2h4d 11h 1h7h1h1h2h4h8h8h1h1h1d 17h14h1h2d 11h6h2h16h2h4h4d 8h 1d 11h4h4h6h2h4h1d 8h4h4h4h0h8h1h7d 7h 8h4h80h12h7h1h0h0h0h4d 10h10h6h12h2h0h2h2h2h8h10h1d 8h1h1h4h0h0h8h0h1h1h8d 4h 1h1h4h8h88h0h0h1h4h3d 22h1h1h0h0h0h3h0h2h16h8d 6h2d 2h3h4h8h8d 6h4h4h2d 4h1h4h8h4h0h0h 18h1h7h1h5d 11h1h0h2h4h0h1h8d 18h1d 11h3h9h9h4h4h1h7d 14h8h8h4d 6h4d 2h2h2h2h4h1h1h2h8h0h8h0h9h4h8h3h4h2h2h3h8d 23h4h2h1h43h0h0h8h8h2d8h8h8h2h14h8d 3h1h2h1h1h0h0h10h1h0h2h4h0h0h0h0h8h8h4h8h4d 1h3d 7h4h4h6h0h1h16h1h1h3d 9h24h1h3d 5h4h1h2h0h1d 10h2h8h4h4h0h2h7h22h2h1h1h2h4h0h1h1h0h0h1h1h0h2h2h0h1h2h2h2h0h3h0h0h0h0h2h0h2h0h1h3h6h1h0h0h0h0h0h0h0h7d 2h8h4h8h8h8h8h8h8h8h2h4h8h0h0h6h8h8h8h70h0h5h4h8h8h5h0h1h1h11h2h4h4h4h1h8h6h6h2h2h4h2h12h6h4h3h3h2h1h2h2h2h6h6h4h2h4h4h7h1h62h4h4h8h8h6h6h4h8h8h4h4h3d 8h4h2h8h8h2h1d 4h2h2h2h2h4h2h11h,1
C2023-07 Building Nevele.xlsx,43,481d10d5d10d10d10d25d10d20d20d20d20d20d20d20d20d20d20d20d20d30d15d10d20d15d10d25d15d20d10d10d20d15d10d10d20d10d20d10d25d20d10d,1
C2023-08 Family home.xlsx,49,1d10d1d1d1d1d1d9d1d1d1d1d5d1d20d1d2d5d1d1d10d15d3d10d10d10d10d3d6d1d0d15d1d5d2d3d15d1d1d5d10d10d1d20d5d10d5d20d,1
C2023-09 Wine storage expansion.xlsx,29,80d16d1d1d1d4d 1d 2d1d2d5d2d0d5d2d15d5d3d3d3d1d5d1d,1
C2023-10 UK Roap map.xlsx,20,167d 5h25d52d25d26d21d26d21d32d35d20d60d83d 3h83d 3h41d 5h41d 5h9d33d33d23d,1
C2023-11 Rail-net communication point 1.xlsx,288,562d1h1h1h180d30d147d60d30d60d30d62d1h15d30d63d1h10d30d43d0d30d30d43d1h30d30d73d74d30d50d182d177d100d20d90d40d100d182d120d483d1h120d30d115d1h35d30d15d30d41d1h20d30d1h320d330d145d20d1h44d70d80d80d299d5d90d5d45d90d90d65d65d90d70d2d25d2d25d5d218d1h1h1h81d22d8d44d15d66d25d15d5d268d20d20d30d20d20d30d21d21d26d26d15d15d5d5d559d1h140d30d129d1h45d30d15d30d51d1h20d30d1h380d412d361d20d1h44d50d80d105d395d5d90d5d45d90d90d65d65d90d215d2d25d2d10d3d295d88d1h1h37d1h11d73d22d70d25d15d5d358d16d20d30d15d20d30d10d10d25d20d15d15d7d6d481d1h75d30d75d1h22d30d10d30d19d1h8d30d1h310d297d200d10d1h8d65d80d105d290d5d90d5d45d90d90d30d60d25d90d143d2d20d2d9d2d179d27d10d1h15d7d1h1h30d15d41d15d10d3d209d16d5d30d10d5d30d5d5d20d15d8d3d3d1h345d357d320d8d20d20d314d30d90d242d1d5d2d176d1h22d15d30d1h5d15d40d15d10d3d201d10d5d30d10d5d30d5d5d15d7d6d2d2d1h175d,1
C2023-12 Railroad construction.xlsx,85,10d5d30d80d15d8d2d5d10d100d5d20d40d125d10d5d30d80d15d8d2d5d115d10d30d5d125d10d5d30d80d15d8d2d5d115d10d100d5d10d5d30d80d15d8d2d5d10d100d5d10d5d30d80d15d8d2d5d10d100d5d10d5d30d80d15d8d2d5d10d100d5d5d,1
C2023-13 Rail-net communication point 2.xlsx,240,60d30d30d30d20d20d20d5d5d5d5d5d5d1d105d42d2d4d1d10d10d3d2d10d45d8d10d5d10d2d10d68d10d10d5d2d10d2d10d10d5d3d1d68d25d5d5d5d1d0d5d10d2d10d55d25d5d10d5d10d1d53d5d20d5d10d1d2d10d33d5d5d10d1d2d10d19d15d2d2d63d10d25d5d10d1d2d10d43d5d10d5d10d1d2d10d43d5d10d5d10d1d2d10d43d5d10d5d10d1d2d10d43d5d10d5d10d1d2d10d43d5d10d5d10d1d2d10d0d2d48d20d5d10d1d2d10d5d5d47d3d10d5d10d10d2d10d24d5d5d2d2d1d10d5d1d158d0d0d5d120d0d5d5d1d5d0d46d25d3d10d3d5d2d20d10d20d10d10d0d2d0d10d0d10d0d5d5d33d5d5d10d3d10d33d5d5d10d3d10d41d5d5d10d10d1d10d24d5d5d2d2d1d10d5d1d5d5d60d60d60d5d5d36d5d5d10d10d1d5d5d5d0d,1
C2023-14 Building a sustainable future.xlsx,36,188d188d4d2d44d4d3d8d3d10d2d4d2d4d5d2d3d2d22d11d3d16d2d2d4d6d3d4d3d2d7d2d2d1d2d1d,1
C2024-01 Signalisation work Peru.xlsx,96,1d4d30d1d30d1d1d1d1d1d1d1d1d1d1d1d1d1d1d1d1d1d1d1d1d1d1d1d1d2d2d1d5d2d2d1d1d7d7d7d1d1d30d1d1d1d1d3d1d1d1d2d2d1d2d2d1d1d3d1d2d1d30d30d2d30d1d,7
C2024-02 Gas Pipeline.xlsx,21,"58 days23,88 days9 days18 days17,01 days10,38 days4 days5,75 days5 days12,01 days5 days10 days7 days3 days4 days26 days2 days26 days10 days14 days3 days",20
C2025-01 Water Intake and Canal Rehabilitation.xlsx,73,1d2d1d2d4d2d2d7d7d2d3d3d1d7d2d2d2d2d4d4d4d4d4d4d2d2d7d6d2d10d5d30d22d22d20d20d20d5d20d5d5d5d5d5d3d,6
C2025-02 Urban Road.xlsx,146,2d1d1d1d1d1d1d2d2d1d1d1d1d1d1d2d5d1d1d1d4d1d3d2d1d1d3d3d3d1d3d3d2d1d1d1d1d3d1d1d3d3d3d3d1d3d1d1d2d1d1d1d1d1d2d1d2d1d2d4d1d1d1d1d1d6d1d1d1d2d1d1d2d1d2d1d1d1d1d6d2d1d1d2d1d1d2d1d1d2d1d2d1d1d1d1d1d1d1d1d,7
C2025-03 School Classroom Construction.xlsx,224,1d1d1d1d1d1d1d1d90d1d72d1d1d1d1d1d2d2d2d2d2d1d1d2d2d1d2d1d1d1d1d1d1d2d1d1d1d1d2d2d2d2d1d2d2d2d1d1d1d2d2d3d2d2d1d2d1d1d1d1d2d4d4d1d1d1d2d1d1d1d2d2d2d1d1d1d2d1d1d1d1d1d1d1d1d1d1d1d2d1d1d1d1d1d1d1d1d1d1d1d1d1d1d1d1d1d1d1d1d1d1d1d1d1d1d1d1d1d1d1d1d1d1d1d1d1d1d1d1d1d1d1d1d1d1d1d1d1d1d1d1d1d1d1d1d1d1d1d,8
C2025-04 Sidewalk Reconstruction.xlsx,203,5d1d5d10d12d7d1d4d22d2d1d3d3d6d25d20d17d17d7d4d6d9d16d7d12d14d8d7d7d7d3d3d2d25d10d15d15d20d2d2d11d2d18d13d2d7d2d2d2d2d2d1d2d2d6d7d15d2d1d7d11d4d2d4d5d19d8d8d7d1d19d19d19d19d19d19d19d19d19d19d19d19d2d2d10d20d2d20d20d20d20d11d2d2d3d16d6d6d2d6d2d10d12d10d4d16d16d16d16d16d16d16d2d3d3d2d7d3d4d4d24d24d24d24d24d24d4d2d5d15d5d5d5d5d5d5d5d5d5d5d5d2d5d5d5d5d5d5d5d,8
C2025-05 Education Service.xlsx,79,1d2d38d40d40d40d1d1d1d1d2d1d2d4d2d3d2d1d3d4d1d1d2d15d5d4d1d2d4d1d1d1d20h10d4d2d3d2d1d1d3d1d12h2d5d1d4d1d39d39d40d1d40d2d2d5d4d5d,8
C2025-06 Primary School.xlsx,68,2d2d5d2d2d60d60d60d60d60d60d1d2d2d2d2d2d1d2d12d3d2d4d4d4d4d5d3d4d8d4d2d2d1d2d1d1d2d2d2d2d2d1d1d1d1d1d1d1d1d1d1d,8
C2025-07 School Sports Facility Development.xlsx,33,2d2d2d3d4d15d5d7d6d4d5d6d2d2d2d2d1d1d1d,8
C2025-08 Convertible Roofing.xlsx,111,1d1d1d1d1d4d4d4d4d4d1d4d2d4d2d1d2d2d2d1d2d2d1d1d1d1d1d1d2d1d6d1d5d1d1d1d1d2d2d2d1d5d1d1d7d3d2d1d2d1d4d3d1d1d2d1d1d1d7d10d1d1d2d1d1d1d1d1d1d1d1d1d1d1d1d,7
C2025-09 Primary Classroom.xlsx,143,1d1d1d1d1d1d1d60d1d3d3d1d1d1d1d2d1d1d4d1d4d1d1d1d1d2d2d2d1d3d3d1d1d1d1d1d3d1d1d1d1d7d1d1d1d1d1d1d1d1d1d2d2d1d1d2d2d2d2d2d1d1d1d1d1d1d1d1d2d1d2d2d2d2d1d1d1d1d1d1d1d1d1d1d1d1d1d1d1d1d1d1d1d1d1d1d2d1d1d1d1d1d43d1d59d1d1d1d,9
C2025-10 temporary facilities.xlsx,165,1d1d1d1d2d2d1d3d1d1d1d1d1d3d1d3d3d1d3d2d1d1d5d4d1d1d1d7d3d1d1d1d3d1d1d6d2d2d5d3d1d4d3d1d7d2d8d9d1d1d5d8d4d6d6d9d6d2d1d4d1d2d1d1d1d2d2d3d1d1d3d5d1d1d1d2d6d4d3d4d1d1d2d1d1d1d1d1d1d1d1d1d1d1d1d2d1d1d2d1d1d1d1d6d2d1d1d1d1d1d1d1d1d1d,8
C2025-11 Power Network.xlsx,42,7d10d25d30d15d30d15d15d15d20d15d15d15d15d15d12d20d15d15d10d15d15d15d15d20d15d20d15d15d15d15d10d15d,7
C2025-12 Public Plaza.xlsx,186,1d59d59d2d1d1d30d30d59d59d59d1d2d2d2d2d2d1d2d46d5d2d2d1d3d1d3d1d5d5d2d2d3d1d1d1d1d1d1d1d1d1d2d2d4d4d4d4d2d1d1d1d1d1d1d4d1d1d2d1d3d1d2d1d1d2d2d2d2d2d2d2d2d1d1d1d1d1d1d1d1d2d2d2d1d2d2d1d1d2d5d1d3d1d1d1d1d1d1d3d3d3d1d1d2d4d2d3d2d1d1d1d1d1d1d1d1d2d1d1d1d2d2d,10
C2025-13 University Library Construction.xlsx,224,1d1d1d1d5d5d5d3d3d3d3d3d4d2d2d4d1d2d1d1d1d2d1d45d45d1d45d45d1d45d50d1d1d1d1d1d1d1d15d15d15d7d7d7d7d7d7d4d4d4d4d4d4d4d4d4d4d1d2d2d2d2d2d2d3d4d4d4d4d4d1d1d1d1d1d3d4d3d3d2d2d2d2d7d7d1d7d7d3d3d3d3d3d4d4d4d4d4d4d2d2d2d1d1d1d1d1d1d1d1d3d3d3d4d4d4d4d1d3d3d3d3d3d3d3d3d1d1d1d4d4d4d1d1d1d1d2d6d6d6d6d6d6d4d4d3d3d3d1d1d1d,10
C2025-14 Drainage System.xlsx,125,1d1d1d1d1d1d1d1d1d1d1d1d1d1d6d6d2d7d6d2d1d1d3d2d1d1d1d1d4h1d1d1d1d1d1d1d3d1d1d1d1d1d1d1d1d2d4h1d1d1d1d1d1d1d1d1d1d1d1d3d1d1d1d1d1d2d4h1d1d1d1d3d2d1d1d1d1d1d1d1d1d1d1d1d1d,7
C2025-15 Irrigation Canal Repair .xlsx,73,1d1d1d8d8d8d1d1d1d1d1d1d1d1d1d1d1d1d1d1d1d1d2d1d1d1d1d2d1d1d1d1d1d1d1d1d12d1d6d1d1d2d1d1d1d1d1d1d1d1d,9
C2025-16 ACTIVIDADES GENERALES.xlsx,70,1d1d2d3d2d7d5d6d7d10d5d5d2d2d3d3d3d1d2d3d7d3d2d2d2d1d1d5d1d1d6d1d1d1d24d4d2d5d1d1d4d1d1d1d18d2d2d5d1d,7
C2025-17 Thermal bath.xlsx,220,2d1d2d5d5d1d1d3d3d3d1d1d2d3d2d2d2d2d2d2d2d1d1d2d1d2d1d4d3d3d3d3d3d3d3d2d2d2d1d2d4d7d1d2d3d2d1d3d1d1d2d2d1d2d1d1d1d1d1d1d1d3d2d1d1d1d2d4d1d1d1d2d1d1d1d1d2d1d1d1d1d1d1d3d1d1d1d5d2d3d2d1d2d3d3d1d2d3d2d1d2d2d1d1d1d2d1d2d1d2d1d1d1d1d2d1d2d1d1d2d3d1d1d2d2d2d2d2d3d2d1d1d1d1d1d2d2d5d3d4d2d3d2d3d3d7d3d3d3d3d3d5d5d7d2d2d1d1d3d2d1d80d50d90d1d1d5d2d2d1d,9
C2025-18 MEJORAMIENTO DE LOS.xlsx,357,1d1d3d2d1d2d2d1d1d1d1d5d6d3d1d4d2d2d1d3d4d3d2d3d2d2d2d5d3d6d6d2d2d2d3d4d2d2d3d4d1d1d1d3d5d4d3d1d2d1d1d1d1d1d1d1d1d1d3d2d5d3d2d1d1d7d4d5d4d4d3d2d3d2d3d1d4d4d2d1d3d2d3d2d2d4d2d3d2d2d2d2d2d2d2d2d2d1d1d2d1d1d1d2d3d3d1d1d1d1d1d1d1d1d1d1d1d3d4d4d3d3d2d2d2d1d3d3d1d1d2d2d2d2d1d3d3d2d4d4d4d4d3d2d2d2d2d2d2d2d2d1d1d1d2d2d1d1d1d2d3d3d3d2d1d1d1d1d1d1d1d1d1d1d1d1d1d1d1d1d1d1d2d5d1d1d1d1d1d1d1d5d1d1d1d1d1d1d1d1d1d1d1d2d2d2d2d2d2d2d2d2d2d1d2d1d1d2d2d2d1d1d1d2d2d2d2d2d2d2d2d4d2d2d2d2d2d2d2d2d2d2d2d1d1d1d1d1d1d1d1d1d1d1d1d1d1d1d1d1d1d1d1d1d1d1d,10
C2025-19 Road Drainage Construction with COVID-19 Safety Measures.xlsx,54,1d1d45d57d1d1d1d1d1d1d1d1d2d3d3d6d6d6d3d3d3d8d8d10d1d3d3d3d10d8d10d1d3d3d3d5d7d1d,8
C2025-20 Drainage Culverts Construction.xlsx,51,1d1d43d1d1d1d1d1d1d1d1d2d2d3d3d2d6d2d2d2d7d2d2d1d4d2d14d1d3d2d1d3d4d1d0d,7
C2025-21 Sanitary Facilities .xlsx,208,1d2d1d2d5d1d1d1d1d1d1d1d1d4d7d1d3d1d3d1d1d3d3d1d2d5d1d3d5d1d15d1d6d6d3d2d2d2d1d2d1d1d1d1d2d3d1d3d1d1d1d2d2d1d1d1d1d1d1d1d1d1d5d1d1d1d1d7d5d2d1d2d1d1d2d2d1d1d1d1d1d1d1d1d1d1d1d1d1d1d1d1d1d1d1d1d1d1d1d1d1d1d1d1d2d1d2d1d1d1d1d1d1d1d1d1d1d1d1d1d2d1d1d3d1d1d1d1d1d1d1d1d1d1d1d1d1d1d1d1d,8
C2025-22 Sanitary Sewer Network Infrastructure.xlsx,67,1d1d1d1d10d1d10d1d1d1d10d8d1d1d1d1d1d1d1d2d1d1d1d1d1d2d2d2d1d1d1d1d1d1d1d1d1d1d1d1d1d1d1d1d1d,8
C2025-23  Active Recreation Construction.xlsx,94,1d1d1d1d60d60d1d60d2d60d1d1d1d60d60d1d1d1d1d60d60d1d1d4d5d35d1d2d3d1d1d6d1d5d3d1d1d2d1d2d20d7d1d1d5d7d1d1d1d1d1d1d1d1d1d,10
C2025-24  CONSTRUSSION DE CERCO.xlsx,110,1d1d2d1d2d1d1d1d3d1d1d1d1d1d1d1d1d1d1d1d2d2d1d3d1d6d6d7d1d7d1d1d6d8d1d1d2d1d2d3d9d1d1d1d1d3d8d3d1d1d2d1d1d1d8d1d1d1d1d4d1d1d1d1d1d1d1d1d1d1d1d5d3d1d2d1d2d,7
C2025-25 CONSTRUSSION DE PLAZOLETA.xlsx,97,1d1d3d1d1d1d3d1d5d1d1d1d2d1d1d1d1d1d1d1d1d1d1d1d1d1d1d1d2d1d1d1d1d1d1d1d1d1d1d1d1d4d1d1d6d1d1d1d1d1d1d2d2d7d1d1d11d23d2d1d1d2d12d1d1d1d1d1d1d1d1d1d10d,7
C2025-26 MEJORAMIENTO DEL PARQUE.xlsx,128,2d3d2d3d3d1d2d1d80d4d115d90d60d1d115d119d110d119d119d119d10d3d12d10d7d3d4d1d1d7d1d1d2d3d3d1d2d2d1d1d1d1d2d1d2d4d3d2d4d3d7d10d13d6d10d3d3d5d5d3d1d5d3d5d6d7d5d3d8d2d3d1d3d3d1d1d2d1d1d4d3d2d3d2d7d,10
C2025-27  CREACION DEL PAVIMENTADO.xlsx,179,1d3d1d2d1d3d4d5d1d1d6d3d1d5d1d1d1d1d1d2d1d1d2d3d2d2d2d2d1d2d2d1d2d3d2d1d1d1d3d2d2d2d2d2d2d2d1d2d3d4d1d2d1d2d2d2d1d2d2d3d3d1d2d2d2d1d2d2d2d1d5d5d7d10d10d5d5d5d1d1d4d3d3d5d5d3d3d3d3d3d1d4d3d3d3d3d1d1d3d3d2d1d1d5d1d1d1d1d1d6d2d7d7d3d2d3d1d2d1d2d1d1d1d3d3d1d1d,10
C2025-28 CRONOGRAMA DE OBRA.xlsx,85,1d1d1d2d1d60d60d60d5d10d3d1d59d12d4d4d4d12d31d10d7d4d1d1d2d4d2d6d1d1d1d1d59d4d1d2d2d4d1d2d1d1d1d2d1d1d1d1d1d2d59d1d1d1d1d1d60d60d,9
