epoch,total_loss,cpm_loss,masked_duration_loss,topological_distance_loss,learning_rate,grad_norm,mae_es,mae_ef,mae_ls,mae_lf,mae_tf,mae_pl,mae_mask,critical_path_accuracy,rmse,r2,pearson
1,1.8651054620742797,1.7794498443603515,203.11586151123046,0.6048480987548828,0.0029997039226910415,0.5026722877768667,0.4280571937561035,0.29723936319351196,0.43579229712486267,0.9143476486206055,0.2731570601463318,0.4925846457481384,11.398257446289062,0.26189158856868744,0.5929778814315796,-2.5209908485412598,-0.09542455524206161
2,1.6069141387939454,1.5607314586639405,161.36639022827148,0.40889483094215395,0.002998815820633459,0.3480613107759772,0.2840965688228607,0.32073044776916504,0.3322521448135376,0.6564711332321167,0.29498904943466187,0.6644283533096313,10.181836795806884,0.835789144039154,0.5336207151412964,-1.850067138671875,0.06394496560096741
3,1.5327146530151368,1.4338401079177856,216.605233001709,0.2565335720777512,0.0029973360833781665,0.20294112982810475,0.23863573372364044,0.3065798878669739,0.278964102268219,0.635706901550293,0.3265703320503235,0.6386273503303528,11.584107971191406,0.8389928102493286,0.507311224937439,-1.57585871219635,0.10296739637851715
4,1.408807373046875,1.3440368175506592,180.8395133972168,0.1833473652601242,0.0029952653599868307,0.1941985994469308,0.24868576228618622,0.2959478497505188,0.2680969834327698,0.6467103958129883,0.311892032623291,0.5897027254104614,10.47499876022339,0.8389928102493286,0.4943053126335144,-1.4452989101409912,0.0827612653374672
5,1.3221026182174682,1.2620896816253662,169.47889785766603,0.16743040680885315,0.0029926045587471686,0.12271039849188778,0.27163463830947876,0.2784874439239502,0.2744826674461365,0.6541569828987122,0.2621103525161743,0.5020565986633301,10.780327606201173,0.8389928102493286,0.47177237272262573,-1.226923942565918,0.045309264212846756
6,1.2437355756759643,1.1971744418144226,149.18054008483887,0.1709805190563202,0.002989354846774545,0.09626377133619306,0.28892847895622253,0.25776904821395874,0.2806036174297333,0.6329749822616577,0.2659126818180084,0.4357130527496338,9.55361795425415,0.8389928102493286,0.45043373107910156,-1.030042290687561,0.021544571965932846
7,1.2419815540313721,1.1424161553382874,195.64191513061525,0.18165140450000763,0.002985517649500034,0.08607716027784461,0.3021816611289978,0.2511829733848572,0.2767987549304962,0.5774908065795898,0.27570992708206177,0.3853676915168762,11.019549560546874,0.8389928102493286,0.42439931631088257,-0.8020842671394348,0.01611137017607689
8,1.1315146207809448,1.0967921018600464,125.80771255493164,0.1859403520822525,0.0029810946500451814,0.0619425630585673,0.303283154964447,0.24857628345489502,0.26586052775382996,0.5020972490310669,0.28405675292015076,0.3471815288066864,8.980112171173095,0.8389928102493286,0.39503246545791626,-0.5611716508865356,0.030153801664710045
9,1.1035151600837707,1.055544364452362,135.98175430297852,0.17543515264987947,0.0029760877884837294,0.05091850560399637,0.300503671169281,0.2509777247905731,0.25307613611221313,0.42133599519729614,0.2930457592010498,0.3161494731903076,9.340981912612914,0.8389928102493286,0.36630362272262573,-0.3424326777458191,0.07095130532979965
10,1.08006694316864,1.0228532910346986,142.84258575439452,0.16656396985054017,0.0029704992609906372,0.044145669506438674,0.29306334257125854,0.25398653745651245,0.2509559690952301,0.349377304315567,0.29899460077285767,0.29116517305374146,9.576358413696289,0.8389928102493286,0.3429623246192932,-0.17740146815776825,0.12646432220935822
11,1.0437712669372559,0.9984085321426391,128.43436126708986,0.1676926612854004,0.0029643315188787656,0.03598631429485977,0.2839846611022949,0.2559202015399933,0.24864992499351501,0.29021793603897095,0.3076964020729065,0.274179071187973,8.289670944213867,0.8389928102493286,0.3232864737510681,-0.04745437949895859,0.19628822803497314
12,1.0000607371330261,0.9807362079620361,100.19440689086915,0.17203755676746368,0.0029575872675236515,0.03104907135067541,0.2714092433452606,0.25372403860092163,0.251339852809906,0.2597678005695343,0.31264108419418335,0.2600230574607849,7.846628856658936,0.8389928102493286,0.3103031516075134,0.03278118371963501,0.2701432406902313
13,1.1038058042526244,0.9724729061126709,211.79603672027588,0.16784154176712035,0.002950269465176838,0.030769974415306933,0.2564818561077118,0.24933257699012756,0.2500183880329132,0.24731580913066864,0.3171581029891968,0.2518628239631653,11.371347379684448,0.8389928102493286,0.30236750841140747,0.08029069006443024,0.3349074721336365
14,1.0024182677268982,0.9698250651359558,112.92040977478027,0.1665528178215027,0.00294238132166829,0.02625694107389011,0.24381296336650848,0.246930792927742,0.2523610591888428,0.2487124651670456,0.31230559945106506,0.2487500011920929,8.564926815032958,0.8389928102493286,0.30007538199424744,0.09426303207874298,0.35075899958610535
15,1.0500277280807495,0.9721523284912109,158.08044509887696,0.17010186314582826,0.002933926296998457,0.027545416321247882,0.24625369906425476,0.24920013546943665,0.2555708587169647,0.24779565632343292,0.30368858575820923,0.25784626603126526,9.765639972686767,0.8389928102493286,0.30383095145225525,0.07291827350854874,0.3293336033821106
16,0.986954927444458,0.9762182831764221,91.7636562347412,0.16594774425029754,0.002924908099820599,0.03005157328360448,0.25200459361076355,0.24930794537067413,0.2528201937675476,0.24754759669303894,0.2959635853767395,0.2666168808937073,7.518305683135987,0.8389928102493286,0.30782395601272583,0.04906751960515976,0.3191823661327362
17,1.0019354939460754,0.9783889055252075,104.97386856079102,0.16411621868610382,0.0029153306858140534,0.034482892897878106,0.2551770806312561,0.24763253331184387,0.2501501142978668,0.24423155188560486,0.2915855348110199,0.2697279453277588,7.836203670501709,0.8389928102493286,0.30843839049339294,0.04544617980718613,0.32545992732048035
18,1.0267913341522217,0.9744909644126892,133.1738540649414,0.16575629115104676,0.002905198255949139,0.03910777677914926,0.2568720281124115,0.24814918637275696,0.24796386063098907,0.2457474172115326,0.2864740788936615,0.26381343603134155,8.421065044403075,0.8389928102493286,0.30738916993141174,0.05211014673113823,0.3299027681350708
19,1.0023857951164246,0.9685513257980347,114.22091712951661,0.16468687057495118,0.0028945152546444755,0.0443000957602635,0.2558310925960541,0.24762900173664093,0.2494370937347412,0.24585004150867462,0.2884676456451416,0.25748223066329956,8.033237743377686,0.8389928102493286,0.3055031895637512,0.063672736287117,0.3334794044494629
20,0.9905959129333496,0.9553777158260346,114.3060791015625,0.16449907124042512,0.002883286367817511,0.05527226038975641,0.25638338923454285,0.24765488505363464,0.2530338168144226,0.24204595386981964,0.29141587018966675,0.24918103218078613,8.260369348526002,0.8389928102493286,0.30221807956695557,0.08402799069881439,0.3466632068157196
21,1.0321656107902526,0.9439319789409637,166.1789535522461,0.1644786775112152,0.002871516520829126,0.06938070894518335,0.25185972452163696,0.24928894639015198,0.25191089510917664,0.24505531787872314,0.29253077507019043,0.24881704151630402,9.913966846466064,0.8389928102493286,0.30236348509788513,0.08319513499736786,0.3445829451084137
22,0.9312965631484985,0.918920385837555,88.2934799194336,0.15974750220775605,0.002859210876323207,0.13600500478475755,0.25355929136276245,0.24542823433876038,0.25416553020477295,0.24871301651000977,0.2917516231536865,0.2501468062400818,7.154297733306885,0.8389928102493286,0.30380743741989136,0.07358060777187347,0.3315480053424835
23,0.8916974425315857,0.8966367542743683,68.74370880126953,0.1598067969083786,0.0028463748319621394,0.12792397880860204,0.26194897294044495,0.2485337257385254,0.2512466311454773,0.24953138828277588,0.3052905797958374,0.25130754709243774,6.46969690322876,0.8389928102493286,0.3063817024230957,0.05836375802755356,0.30068230628967285
24,0.8820317506790161,0.8874130070209503,66.92255001068115,0.164374840259552,0.002833014018059215,0.2034539723868615,0.27131837606430054,0.24967288970947266,0.2543719708919525,0.2562195658683777,0.3253196179866791,0.25072139501571655,5.605663394927978,0.8389928102493286,0.3137512505054474,0.013479769229888916,0.24768328666687012
25,0.9044213056564331,0.8612822949886322,112.94670238494874,0.16320572197437286,0.0028191342951089915,0.14267762138375215,0.2948088049888611,0.25135573744773865,0.25603073835372925,0.27931898832321167,0.3257809281349182,0.25536713004112244,8.036698579788208,0.8499767899513244,0.3288743197917938,-0.08611558377742767,0.1722344160079956
26,0.8760048031806946,0.8530111193656922,91.9435266494751,0.16351255476474763,0.0028047417512166834,0.24681048022050942,0.31269145011901855,0.2471776008605957,0.2523384690284729,0.29208049178123474,0.33700689673423767,0.25490009784698486,6.672628402709961,0.8523398399353027,0.33814623951911926,-0.14745743572711945,0.12087836116552353
27,0.8514450907707214,0.8286369025707245,89.40812196731568,0.16263774633407593,0.0027898426994277196,0.31355589834441033,0.32030102610588074,0.2477811872959137,0.2543017864227295,0.2925817668437958,0.3259008824825287,0.2609872817993164,7.037088108062744,0.8449719429016114,0.3392779231071472,-0.154292494058609,0.10550997406244278
28,0.8417171597480774,0.7716453671455383,131.9378858566284,0.1529846489429474,0.0027744436749586334,0.3122704891554479,0.32778435945510864,0.25138014554977417,0.2577006220817566,0.28738933801651,0.3300110399723053,0.26383838057518005,8.92025375366211,0.9015666484832764,0.33912599086761475,-0.1532144844532013,0.08692515641450882
29,0.7956113517284393,0.7640032529830932,92.62735576629639,0.15381093323230743,0.0027585514323304997,0.6163265272708875,0.3132573664188385,0.24521955847740173,0.25177961587905884,0.2713697850704193,0.3175210952758789,0.25964224338531494,6.51118836402893,0.8753740310668945,0.3255040645599365,-0.061949409544467926,0.17777255177497864
30,0.8035308003425599,0.7313812434673309,128.29005813598633,0.16997632682323455,0.0027421729424061785,0.7903890215259578,0.30170178413391113,0.24893534183502197,0.2494352161884308,0.27727365493774414,0.2991315424442291,0.2536962926387787,8.438408756256104,0.8911229372024536,0.3237583637237549,-0.05372517183423042,0.2332347333431244
31,0.7270867466926575,0.6815428853034973,98.85882320404053,0.14839349687099457,0.002725315389332664,0.39035677700303495,0.30058717727661133,0.2482709139585495,0.24684715270996094,0.27231931686401367,0.2880815863609314,0.25000447034835815,6.8640237808227536,0.8923529148101806,0.31814366579055786,-0.015132760629057884,0.25491973757743835
32,0.7589517533779144,0.7221085906028748,94.94383926391602,0.14110170900821686,0.002707986167389883,1.0365058644009488,0.27854403853416443,0.2436702996492386,0.24305620789527893,0.2609408497810364,0.28903064131736755,0.23479390144348145,6.736167907714844,0.8937259197235108,0.3057467043399811,0.06346215307712555,0.3491939604282379
33,0.7663374781608582,0.7432998448610306,82.93275814056396,0.14434857964515685,0.002690192877747315,1.4813323714105147,0.260927677154541,0.23811054229736328,0.2352822721004486,0.24644222855567932,0.2848636507987976,0.22620487213134766,6.517117738723755,0.8854879260063171,0.2959381937980652,0.12362978607416153,0.4076758325099945
34,0.710584568977356,0.6876351475715637,77.50800342559815,0.14204945862293245,0.002671943325129871,1.0474870154368026,0.2619030177593231,0.24816544353961945,0.2388523817062378,0.26580244302749634,0.27461639046669006,0.22998234629631042,6.682216453552246,0.9035998821258545,0.3075079321861267,0.0521567240357399,0.34981411695480347
35,0.6815375089645386,0.6565506458282471,76.71398582458497,0.13927948772907256,0.0026532455143944826,1.5616569378014122,0.24966669082641602,0.24299803376197815,0.23292291164398193,0.26264435052871704,0.27464908361434937,0.2189745008945465,6.088990688323975,0.9034917831420899,0.3028712570667267,0.08033721148967743,0.39123767614364624
36,0.6659123003482819,0.6405879080295562,75.63894605636597,0.13744242042303084,0.0026341076470189056,0.3685375316334622,0.230399489402771,0.24320757389068604,0.23336681723594666,0.2511169910430908,0.2755449116230011,0.21550969779491425,5.458607864379883,0.9157248139381409,0.2972480356693268,0.1145080178976059,0.4578053057193756
37,0.7309161961078644,0.684124031662941,101.6265477180481,0.13578035533428193,0.0026145381175042845,1.1306885102364634,0.21706810593605042,0.23357756435871124,0.2205902338027954,0.2330157458782196,0.27652543783187866,0.2048231065273285,6.303697419166565,0.8973498821258545,0.2875058054924011,0.17198124527931213,0.4943489134311676
38,0.6733467400074005,0.6128506332635879,108.4706491470337,0.13310541808605195,0.0025945455096930436,0.5991919157760484,0.2167471945285797,0.2319922000169754,0.2167540043592453,0.24711863696575165,0.27657780051231384,0.20551979541778564,7.058069467544556,0.9189284801483154,0.28763943910598755,0.1706826388835907,0.49046269059181213
39,0.5926348984241485,0.5496288150548935,84.60844688415527,0.13360543847084044,0.00257413859300373,0.9448152352124453,0.20072153210639954,0.2221653163433075,0.2034810483455658,0.23230120539665222,0.2761784493923187,0.21328559517860413,6.794059371948242,0.9237681150436401,0.2785262167453766,0.2203931361436844,0.5266523361206055
40,0.5763311743736267,0.5417311310768127,75.84480419158936,0.12928380966186523,0.002553326318584459,0.5626876942281213,0.20159728825092316,0.22863788902759552,0.2053678333759308,0.23920580744743347,0.28028807044029236,0.21779513359069824,5.6653543472290036,0.9246834516525269,0.28469187021255493,0.18515148758888245,0.5089374780654907
41,0.5448025107383728,0.5046739339828491,77.36907477378845,0.13226900845766068,0.002532117815386643,0.2634106434083411,0.20562443137168884,0.21929216384887695,0.19856202602386475,0.2122841328382492,0.2878824770450592,0.21175594627857208,6.02580041885376,0.9291027784347534,0.27444595098495483,0.24516630172729492,0.5507132411003113
42,0.6033606231212616,0.5658581614494324,81.65738468170166,0.12430913001298904,0.0025105223861607317,0.8002482883499137,0.2084389477968216,0.21851980686187744,0.2080826312303543,0.2210942953824997,0.296170711517334,0.20494696497917175,5.773110437393188,0.9225524425506592,0.2733612060546875,0.2490125596523285,0.5581034421920776
43,0.5912627726793289,0.5779233247041702,58.2983757019043,0.12833401560783386,0.0024885495033757196,0.7130482497492007,0.20762860774993896,0.21771037578582764,0.20497389137744904,0.21497078239917755,0.29806098341941833,0.20802442729473114,5.181430912017822,0.926056444644928,0.27319207787513733,0.2487686574459076,0.55288165807724
44,0.5389114558696747,0.4807570517063141,94.60321254730225,0.11626882702112198,0.002466208805064207,0.4096665104318942,0.18622788786888123,0.20669397711753845,0.18655642867088318,0.1962062269449234,0.3027644455432892,0.20088419318199158,6.587893772125244,0.9430957555770874,0.2622383236885071,0.308453232049942,0.6082178354263306
45,0.6597713530063629,0.6467717617750168,64.63551301956177,0.13041272908449172,0.0024435100905948392,5.996136177065117,0.18579253554344177,0.2233215868473053,0.20817062258720398,0.2255721539258957,0.2897487282752991,0.23903493583202362,5.3698936939239506,0.8934191465377808,0.2797725796699524,0.19527117908000946,0.605813205242157
46,0.7902031183242798,0.761391744017601,91.3020761013031,0.13648495227098464,0.0024204633163739837,4.309882725988116,0.20267872512340546,0.22089219093322754,0.21016621589660645,0.2113090455532074,0.28819704055786133,0.2403114289045334,5.66569277048111,0.848035740852356,0.28335195779800415,0.17665128409862518,0.6041281223297119
47,0.6623915553092956,0.570730659365654,136.10986232757568,0.12624108791351318,0.002397078591478515,2.9399116850857223,0.18900218605995178,0.20777368545532227,0.19677062332630157,0.20412468910217285,0.302829772233963,0.21038594841957092,8.708571863174438,0.9015992879867554,0.26939600706100464,0.26057571172714233,0.630071222782135
48,0.6770155191421509,0.6735356539487839,58.39354400634765,0.12439899742603303,0.002373366173221646,7.9466350919434,0.1941285878419876,0.20739968121051788,0.18823298811912537,0.188104510307312,0.3318089544773102,0.20385248959064484,5.7880758285522464,0.8954366207122803,0.26739174127578735,0.2779938578605652,0.5808612108230591
49,0.5122283786535263,0.48531932234764097,63.86225848197937,0.11578746289014816,0.002349336462653726,1.2157637739021863,0.1780695915222168,0.18726050853729248,0.1894533336162567,0.19602970778942108,0.32507601380348206,0.18853697180747986,5.760164451599121,0.9332217812538147,0.2553277611732483,0.3428240418434143,0.6515488028526306
50,0.5662638485431671,0.5517592340707779,57.9624719619751,0.11718084216117859,0.0023250000000000002,4.206779731703656,0.17848804593086243,0.18676500022411346,0.18769797682762146,0.19235998392105103,0.3274305462837219,0.18871910870075226,5.15360164642334,0.9239619612693787,0.2564159035682678,0.33517035841941833,0.6539283990859985
51,0.5468706727027893,0.4988076090812683,86.56429824829101,0.11379527896642685,0.0023003674600373157,3.084631428920797,0.1716817170381546,0.18250417709350586,0.2116793394088745,0.23605820536613464,0.3114768862724304,0.17761234939098358,7.219727420806885,0.9184742093086242,0.2658018469810486,0.2796716094017029,0.7003297805786133
52,0.49199023842811584,0.48133141696453097,46.73668255805969,0.12055287212133407,0.0022754496474118135,0.9331634982622096,0.19270004332065582,0.19479022920131683,0.21196694672107697,0.2307691127061844,0.3096252381801605,0.19282379746437073,5.1915429592132565,0.9328014731407166,0.274863064289093,0.23047132790088654,0.6528040766716003
53,0.5138237297534942,0.46930732727050783,78.90694618225098,0.12540186941623688,0.002250257491899652,2.306671056763402,0.1853093057870865,0.18293637037277222,0.2074609249830246,0.22944355010986328,0.3164222836494446,0.18408390879631042,6.300630283355713,0.93950914144516,0.26616501808166504,0.2794944643974304,0.6768767237663269
54,0.5105924248695374,0.49191914200782777,55.69927768707275,0.12165938019752502,0.0022248020436128483,1.6379550280980766,0.1879144310951233,0.190042182803154,0.19591869413852692,0.20183917880058289,0.324506938457489,0.18870018422603607,5.443768119812011,0.9285465002059936,0.26105988025665283,0.31253963708877563,0.654426634311676
55,0.47933341562747955,0.45569437742233276,57.83745517730713,0.11371022015810013,0.0021990944681523307,1.2085732159736966,0.15829923748970032,0.16706660389900208,0.1824587732553482,0.17805059254169464,0.3188958764076233,0.1733700931072235,5.808969259262085,0.9350524425506592,0.24211935698986053,0.4073663353919983,0.6985195875167847
56,0.45368313789367676,0.41699602007865905,66.44151659011841,0.11945207118988037,0.0021731460417103395,0.49853159700121197,0.16571027040481567,0.1705392599105835,0.18452495336532593,0.18164512515068054,0.30693429708480835,0.17719268798828125,6.146591472625732,0.9516340851783752,0.24746808409690857,0.38192540407180786,0.6834162473678589
57,0.4571468234062195,0.40727909207344054,78.43167991638184,0.12163955420255661,0.002146968146124316,0.5133095057015973,0.16875717043876648,0.17429697513580322,0.18645387887954712,0.18167518079280853,0.3010883331298828,0.18631184101104736,6.687374305725098,0.9481300830841064,0.24803051352500916,0.37658756971359253,0.6935672163963318
58,0.4963806658983231,0.47226359248161315,59.66741886138916,0.1167601078748703,0.0021205722638844514,1.010979018440204,0.16908952593803406,0.17698395252227783,0.1820780485868454,0.1755044162273407,0.30004751682281494,0.18612901866436005,5.404908847808838,0.9395917534828186,0.2478608787059784,0.36606454849243164,0.6623373031616211
59,0.4373771369457245,0.4120987892150879,55.26302013397217,0.11225211471319199,0.0020939699730970884,0.3840443235822022,0.16204075515270233,0.1696034073829651,0.17610076069831848,0.17530661821365356,0.2943872809410095,0.17660270631313324,5.744209146499633,0.9513542294502259,0.23930959403514862,0.4197576642036438,0.718677818775177
60,0.4565457940101624,0.41831645369529724,69.43695831298828,0.10624030083417893,0.0020671729424061804,0.7205422119503575,0.16146805882453918,0.16907082498073578,0.1678040474653244,0.16293439269065857,0.2902514636516571,0.16659338772296906,6.364545679092407,0.94046630859375,0.23379488289356232,0.44684553146362305,0.7381616234779358
61,0.6130179345607758,0.5519345909357071,105.89968624114991,0.10377131849527359,0.002040192925875038,15.13256623595953,0.13955572247505188,0.14994566142559052,0.15828268229961395,0.14941632747650146,0.28033319115638733,0.14895562827587128,7.711129665374756,0.902575671672821,0.21859696507453918,0.5156006217002869,0.7688353657722473
62,0.4662660419940948,0.42499115169048307,73.02068748474122,0.10753313004970551,0.00201304175783061,0.5613146198115179,0.1551586389541626,0.17056381702423096,0.17663559317588806,0.1672772914171219,0.2825302481651306,0.16088545322418213,6.088549518585205,0.9412038207054139,0.23393550515174866,0.4418911039829254,0.7345924973487854
63,0.40652517378330233,0.3857415735721588,48.612013053894046,0.1074574813246727,0.0019857313476725554,0.47554723266512156,0.15767942368984222,0.17015314102172852,0.17261219024658203,0.16152450442314148,0.2810404896736145,0.16526925563812256,5.32681713104248,0.9451042294502259,0.23216894268989563,0.4482691287994385,0.7279384732246399
64,0.42628934383392336,0.3879668295383453,66.81114721298218,0.10308057069778442,0.001958273674649387,0.6046620069869927,0.15312181413173676,0.1622670292854309,0.17937631905078888,0.16484342515468597,0.2833273410797119,0.16493889689445496,6.177260112762451,0.9333417534828186,0.23106718063354492,0.4551219940185547,0.723381519317627
65,0.4509879231452942,0.4038855493068695,77.03409957885742,0.10456835627555847,0.001930680782603977,0.310875947520669,0.15538083016872406,0.1660178005695343,0.1722717583179474,0.154997318983078,0.2807484567165375,0.17131760716438293,6.001500034332276,0.9436486244201661,0.22970834374427795,0.4662932753562927,0.7174584269523621
66,0.6312177002429962,0.6013207495212555,80.17110528945923,0.09857918620109558,0.0019029647746907302,9.640380526227611,0.15390938520431519,0.16307565569877625,0.18648627400398254,0.18085427582263947,0.27572906017303467,0.1603035181760788,6.461686038970948,0.9002260804176331,0.23173661530017853,0.4572535455226898,0.7433692216873169
67,0.6580154895782471,0.6409733891487122,71.53439950942993,0.09605055302381516,0.0018751378080667399,2.2883663454226086,0.14619401097297668,0.15522710978984833,0.17984503507614136,0.1795143336057663,0.2739877998828888,0.15231853723526,6.253654670715332,0.8802051067352294,0.22906267642974854,0.46031007170677185,0.7428606748580933
68,0.5732139468193054,0.5502542167901993,68.01685733795166,0.09968311339616776,0.0018472120885592576,2.2194579310183014,0.15090468525886536,0.1523461490869522,0.17472057044506073,0.17990458011627197,0.28135383129119873,0.15967988967895508,6.089724826812744,0.9130059361457825,0.22846154868602753,0.47133979201316833,0.7448082566261292
69,0.43571292161941527,0.41832068264484407,48.49275169372559,0.10731559544801712,0.0018191998653118125,1.229946680500039,0.1629943698644638,0.15542764961719513,0.17392511665821075,0.1733035296201706,0.2943499982357025,0.1702880710363388,4.974848747253418,0.9374812245368958,0.22954010963439941,0.46771669387817383,0.7147745490074158
70,0.453737860918045,0.41306265294551847,71.30303230285645,0.10678444951772689,0.0017911134254113344,1.4565901989117265,0.1581362932920456,0.15787674486637115,0.16973866522312164,0.16354376077651978,0.2903705835342407,0.16596004366874695,5.9382678985595705,0.927248215675354,0.2262587994337082,0.48127275705337524,0.7214238047599792
71,0.4333876818418503,0.37727161645889284,83.02013759613037,0.1082310363650322,0.0017629650884986277,0.5572336144479257,0.1542559266090393,0.1619977056980133,0.16701757907867432,0.16064229607582092,0.2936639189720154,0.16153474152088165,6.514932918548584,0.9518118977546692,0.22676236927509308,0.47471529245376587,0.7290683388710022
72,0.4061321198940277,0.38039559721946714,53.15923233032227,0.10616860538721085,0.0017347672013645749,0.27444212045520544,0.1459665149450302,0.1571946144104004,0.1635729968547821,0.15518401563167572,0.2932344079017639,0.15248632431030273,5.922064113616943,0.9543393135070801,0.22159859538078308,0.5024478435516357,0.7421057820320129
73,0.5113877683877945,0.4614972800016403,85.29545288085937,0.10744762122631073,0.0017065321325344213,2.333705458523972,0.1478390395641327,0.16344717144966125,0.16983018815517426,0.15477579832077026,0.2885577082633972,0.15874864161014557,6.638877630233765,0.9358691573143005,0.22609344124794006,0.47798800468444824,0.7313247919082642
74,0.4422436565160751,0.4238730251789093,49.43225021362305,0.11325691491365433,0.0016782722668425335,0.461169821043898,0.15525397658348083,0.1651693731546402,0.17166119813919067,0.15735338628292084,0.2886624336242676,0.15441592037677765,4.929029512405395,0.9393118977546692,0.22769112884998322,0.4681752324104309,0.7454906105995178
75,0.42904441952705386,0.400969061255455,57.27115116119385,0.10901123583316803,0.0016500000000000015,1.0983903873711824,0.17750020325183868,0.18202026188373566,0.1749405860900879,0.173888698220253,0.2924460768699646,0.16768476366996765,6.044267797470093,0.9330618977546692,0.2386947125196457,0.4084610939025879,0.7344659566879272
76,0.38728815913200376,0.3755766212940216,38.59832572937012,0.1067088171839714,0.00162172773315747,0.6397022251039743,0.16552004218101501,0.16804930567741394,0.17531517148017883,0.17994391918182373,0.2934038043022156,0.1651613712310791,4.896863842010498,0.9259951829910278,0.23594406247138977,0.4212222099304199,0.7274117469787598
77,0.4376367449760437,0.4057164520025253,62.047875213623044,0.10444059818983079,0.001593467867465582,1.1803520103650433,0.17822284996509552,0.17219814658164978,0.1664387583732605,0.17356723546981812,0.29230281710624695,0.17220832407474518,6.13372802734375,0.9455618977546691,0.23720285296440125,0.42077332735061646,0.7185279726982117
78,0.425537520647049,0.39283851385116575,62.127084732055664,0.0985577642917633,0.0015652327986354286,0.4485896373433726,0.15523314476013184,0.15572288632392883,0.15657296776771545,0.15802747011184692,0.29476314783096313,0.15802063047885895,6.2531298160552975,0.9379388928413391,0.22556893527507782,0.4812278151512146,0.7317778468132019
79,0.3946535259485245,0.385590186715126,36.903615379333495,0.10718753635883331,0.0015370349115013753,0.535957167457257,0.13968542218208313,0.15260687470436096,0.15771335363388062,0.14941132068634033,0.2923375070095062,0.1492868810892105,4.635839366912842,0.9261969089508056,0.21910297870635986,0.510734498500824,0.7494960427284241
80,0.39250672459602354,0.3707823544740677,47.67131881713867,0.11131299138069153,0.0015088865745886693,0.6055925308859774,0.14165227115154266,0.15417057275772095,0.16239428520202637,0.13836321234703064,0.2938891351222992,0.14568108320236206,5.263342952728271,0.9468149185180664,0.2196158617734909,0.5074182748794556,0.7358384728431702
81,0.4170639991760254,0.3949871569871902,50.81182918548584,0.10763732939958573,0.0014808001346881907,0.3139961612011705,0.1501392275094986,0.167154461145401,0.18183748424053192,0.1529974788427353,0.293332040309906,0.14911845326423645,5.343186140060425,0.9352302551269531,0.22815847396850586,0.4683293402194977,0.7251377701759338
82,0.42921921610832214,0.38330050706863406,73.33225326538086,0.10916522592306137,0.001452787911440746,0.6246046382002532,0.1686977595090866,0.1836852729320526,0.19869425892829895,0.1795763224363327,0.2931714355945587,0.16416266560554504,6.807847881317139,0.9536425590515136,0.24158433079719543,0.408770889043808,0.7196012139320374
83,0.3871948063373566,0.3420976996421814,68.84054279327393,0.10466337203979492,0.0014248621919332632,1.0465986168544208,0.1682666689157486,0.1849176585674286,0.19698618352413177,0.1917005479335785,0.2884213924407959,0.16598984599113464,6.359785318374634,0.9559308886528015,0.24254365265369415,0.40127259492874146,0.7186559438705444
84,0.4206271767616272,0.36426210552453997,81.90452423095704,0.10886770486831665,0.0013970352253092732,0.8047302345678743,0.1616654396057129,0.17100422084331512,0.17876796424388885,0.17836323380470276,0.2847555875778198,0.15958824753761292,6.561866283416748,0.9356505632400512,0.2308052033185959,0.4519082009792328,0.7301489114761353
85,0.38415696620941164,0.3194724887609482,86.81046781539916,0.09821253716945648,0.0013693192173960262,0.852578560821712,0.1441756784915924,0.15396705269813538,0.1540205180644989,0.15628890693187714,0.2809244394302368,0.14687663316726685,6.751192688941956,0.9370235681533814,0.21664616465568542,0.5224263072013855,0.7545962333679199
86,0.4386356592178345,0.3764683574438095,89.37187881469727,0.10442267507314681,0.0013417263253506164,1.49342952934759,0.14081603288650513,0.15126438438892365,0.15197376906871796,0.14548362791538239,0.2883670926094055,0.14701908826828003,7.29237585067749,0.9420578837394714,0.21517348289489746,0.5311740040779114,0.7634550929069519
87,0.42712256908416746,0.40408640801906587,53.36999626159668,0.10074811428785324,0.0013142686523274476,1.5353835878361548,0.15268322825431824,0.16415953636169434,0.1615297496318817,0.15494385361671448,0.2834416329860687,0.1590501070022583,5.574008798599243,0.9420578837394714,0.2252621203660965,0.48286551237106323,0.7452142834663391
88,0.4640721887350082,0.420139679312706,75.55373687744141,0.10392753481864929,0.001286958242169393,1.84327215009502,0.15319545567035675,0.1712360382080078,0.17024868726730347,0.15955331921577454,0.2837221920490265,0.16730214655399323,6.70837893486023,0.9370609164237976,0.22835282981395721,0.4673636853694916,0.759871780872345
89,0.4192984014749527,0.3529605805873871,91.06692047119141,0.10566966384649276,0.0012598070741249644,0.4786302233780069,0.14767171442508698,0.16170468926429749,0.1597917377948761,0.14733533561229706,0.2784855365753174,0.15240521728992462,7.240763998031616,0.9545578837394715,0.22191846370697021,0.4949433207511902,0.7620807886123657
90,0.3900026649236679,0.3778348594903946,39.341786766052245,0.10609503537416458,0.0012328270575938224,0.5882465847368751,0.1412382572889328,0.15237051248550415,0.15184013545513153,0.1402561366558075,0.27588969469070435,0.14700353145599365,5.228190946578979,0.9469961524009705,0.21417832374572754,0.5338910818099976,0.7650863528251648
91,0.36131915748119353,0.33986337184906007,45.19560928344727,0.10246523320674897,0.001206030026902914,1.0413021753941263,0.1285131573677063,0.13550391793251038,0.15007510781288147,0.14182867109775543,0.27433449029922485,0.13661538064479828,4.943971109390259,0.937699818611145,0.20807747542858124,0.5586408376693726,0.766773521900177
92,0.40198646783828734,0.3739787667989731,55.166808128356934,0.10238783061504364,0.0011794277361155511,2.098943192910935,0.1342737227678299,0.14293238520622253,0.14348801970481873,0.1398002803325653,0.2719877064228058,0.1367397904396057,5.45511474609375,0.935254168510437,0.20884418487548828,0.5547258853912354,0.7759742736816406
93,0.3728804051876068,0.3496433734893799,47.9873706817627,0.1021401658654213,0.0011530318538756866,2.1588798156673357,0.12543442845344543,0.129303976893425,0.13872072100639343,0.1344972848892212,0.2746770679950714,0.12717828154563904,5.596018743515015,0.9413611412048339,0.20243969559669495,0.5794094800949097,0.7733765244483948
94,0.37805519700050355,0.33266854882240293,68.7096212387085,0.09943891614675522,0.0011268539582896626,0.33431646979546975,0.14127297699451447,0.1551124006509781,0.1544537991285324,0.14846745133399963,0.2795327305793762,0.14786317944526672,6.334540128707886,0.9568462133407593,0.21629945933818817,0.5196083784103394,0.7777678370475769
95,0.36627894937992095,0.30279465317726134,83.89005699157715,0.09873709082603455,0.0011009055318476713,0.32650411960535813,0.136417418718338,0.148064523935318,0.1563422828912735,0.15633395314216614,0.27716952562332153,0.14393725991249084,6.704688549041748,0.9486455798149109,0.21492083370685577,0.5259286761283875,0.7677094340324402
96,0.36800943315029144,0.34388106763362886,48.51267509460449,0.1000380977988243,0.0010751979563871535,0.4364106534048915,0.1487571746110916,0.15745647251605988,0.15652050077915192,0.15749934315681458,0.28057438135147095,0.15657202899456024,5.240781974792481,0.9425155520439148,0.2188417613506317,0.5077422261238098,0.7685328125953674
97,0.32418735027313234,0.3084748789668083,36.43088722229004,0.10129075795412064,0.0010497425081003498,0.3290884298205908,0.13733503222465515,0.1461867392063141,0.143966406583786,0.14332067966461182,0.2802249491214752,0.14174702763557434,4.915690660476685,0.946477222442627,0.2109696865081787,0.5460736155509949,0.7698537111282349
98,0.3492258429527283,0.32070364207029345,50.688134574890135,0.09904439300298691,0.0010245503525881886,0.5847471981708493,0.15170368552207947,0.16012725234031677,0.15827009081840515,0.1554204821586609,0.2796923518180847,0.15695121884346008,5.607644701004029,0.9451042294502259,0.2216937243938446,0.49944552779197693,0.7591708302497864
99,0.3292585343122482,0.305761444568634,44.134596252441405,0.09938639849424362,0.0009996325399626858,1.0087356180218714,0.143100768327713,0.1460975706577301,0.1652616262435913,0.1543101817369461,0.2814939618110657,0.14707376062870026,5.480501461029053,0.9535812973976135,0.2170792520046234,0.5228482484817505,0.7651392817497253
100,0.3468621164560318,0.31431218385696413,53.6286808013916,0.10352476686239243,0.0009750000000000013,0.9068783868902496,0.14749938249588013,0.15705832839012146,0.1642233431339264,0.15881481766700745,0.2845053970813751,0.14904651045799255,6.046314239501953,0.9455618977546691,0.218875452876091,0.5108499526977539,0.750857949256897
101,0.3258781611919403,0.28441406786441803,59.82039451599121,0.10085107982158661,0.000950663537346276,0.3210542562550732,0.13886643946170807,0.14783965051174164,0.15873774886131287,0.15066811442375183,0.2862485647201538,0.14227454364299774,6.148341178894043,0.9505962133407593,0.21554923057556152,0.5270613431930542,0.7621086239814758
102,0.4694602906703949,0.4303930938243866,71.9053783416748,0.10201130658388138,0.0009266338267783563,1.6727187080042702,0.15610942244529724,0.16995090246200562,0.15785560011863708,0.1567573994398117,0.29071465134620667,0.15723678469657898,6.16708345413208,0.9411425590515137,0.22441354393959045,0.49089011549949646,0.7492597699165344
103,0.3512739032506943,0.3345682680606842,38.75271759033203,0.1140975072979927,0.0009029214085214871,1.2115343705351864,0.1530453860759735,0.1634766310453415,0.16951964795589447,0.16877083480358124,0.2845395803451538,0.16033874452114105,5.063904857635498,0.9425155520439148,0.2263423204421997,0.48257842659950256,0.7430940866470337
104,0.389968729019165,0.3131552278995514,98.44365921020508,0.09685365855693817,0.0008795366836260188,0.440653769365911,0.13892146944999695,0.15098221600055695,0.15864381194114685,0.1527673751115799,0.28270113468170166,0.1433490812778473,7.378210544586182,0.9522695541381836,0.21343950927257538,0.534798264503479,0.7645043134689331
105,0.3347341537475586,0.3095983624458313,46.172428131103516,0.09923195242881774,0.0008564899094051629,1.1521788170295102,0.13966721296310425,0.15158268809318542,0.16354802250862122,0.15189965069293976,0.28195399045944214,0.14359822869300842,5.426642227172851,0.9536425590515136,0.21513697504997253,0.5304211378097534,0.771722674369812
106,0.38143311738967894,0.3256610110402107,78.5108741760254,0.09827329963445663,0.0008337911949357955,0.606143222589578,0.14716944098472595,0.15905514359474182,0.15399551391601562,0.1473122388124466,0.27812033891677856,0.1548347920179367,6.730740165710449,0.9467536687850953,0.218544602394104,0.5159498453140259,0.754013180732727
107,0.34424692690372466,0.3163486748933792,49.6901496887207,0.09842967689037323,0.0008114504966242827,1.134161260311625,0.14280064404010773,0.15172302722930908,0.15841545164585114,0.15862394869327545,0.2814187705516815,0.14239133894443512,6.2263154029846195,0.9425155520439148,0.2164163589477539,0.5231496095657349,0.7580615282058716
108,0.31364298015832903,0.26986445784568786,61.79434051513672,0.08970623910427093,0.0007894776138392704,0.7089105115405151,0.13740584254264832,0.1486295610666275,0.14975211024284363,0.14979803562164307,0.2786990702152252,0.1413992941379547,5.82366533279419,0.9536425590515136,0.21211521327495575,0.543194591999054,0.7624454498291016
109,0.3051901698112488,0.28549537509679795,38.043843841552736,0.10200486779212951,0.0007678821846133597,0.35290950696383205,0.15186360478401184,0.16041497886180878,0.15665984153747559,0.15706512331962585,0.2775905132293701,0.15616363286972046,5.193556690216065,0.9501385569572449,0.2179214507341385,0.5186960101127625,0.76068115234375
110,0.34189130961894987,0.3223774343729019,41.720838356018064,0.10030793994665146,0.0007466736814155429,1.3751329248771071,0.1445290744304657,0.15542104840278625,0.1494288146495819,0.15519651770591736,0.2799583673477173,0.15426477789878845,5.5873369693756105,0.9415176153182984,0.21561090648174286,0.5270306468009949,0.7550531625747681
111,0.3811652332544327,0.34511412382125856,60.25441398620605,0.10308114141225815,0.0007258614069962717,1.4373930799109595,0.1557486206293106,0.16252198815345764,0.1582503467798233,0.1607418954372406,0.28475165367126465,0.16271725296974182,6.099015378952027,0.9492232203483582,0.22406117618083954,0.4860769808292389,0.7441650032997131
112,0.34414403736591337,0.32721394300460815,39.41669235229492,0.10234795659780502,0.0007054544903069581,1.800033579979624,0.14603006839752197,0.1532711535692215,0.14434874057769775,0.14693468809127808,0.2871030867099762,0.15428677201271057,5.003294134140015,0.9487281918525696,0.2150680273771286,0.5309476852416992,0.7739665508270264
113,0.37275345623493195,0.31999472677707674,74.5162368774414,0.10241965800523758,0.0006854618824957172,1.4132080654879766,0.14462560415267944,0.15402767062187195,0.16710951924324036,0.16501829028129578,0.2869340777397156,0.15419073402881622,6.698547077178955,0.9448651552200318,0.21828687191009521,0.5178773999214172,0.7598828673362732
114,0.37031819820404055,0.34283327907323835,52.50725317001343,0.09260979145765305,0.0006658923529810961,1.0889382123548006,0.14452888071537018,0.1541796624660492,0.15746554732322693,0.161246657371521,0.2833012342453003,0.15217530727386475,5.614581751823425,0.9559308886528015,0.21716341376304626,0.5237102508544922,0.7697507739067078
115,0.32711726427078247,0.3104006737470627,37.664611434936525,0.10092052221298217,0.0006467544856055189,0.7640988760228667,0.14779481291770935,0.15758301317691803,0.15977557003498077,0.1685250997543335,0.282950222492218,0.15777304768562317,4.6213329315185545,0.9568462133407593,0.22021444141864777,0.5096794366836548,0.7573390603065491
116,0.37232358008623123,0.34867769479751587,48.995310592651364,0.09518349766731263,0.0006280566748701303,2.2373491326080903,0.14230966567993164,0.15317748486995697,0.15817518532276154,0.16751453280448914,0.2804888188838959,0.14712917804718018,5.501908588409424,0.9332012891769409,0.2187810242176056,0.5114912986755371,0.7485596537590027
117,0.3218571856617928,0.28863973915576935,51.7628475189209,0.10318572968244552,0.0006098071222526858,0.5387427536105471,0.1451353132724762,0.15209315717220306,0.14982730150222778,0.15748800337314606,0.2749684154987335,0.15347501635551453,5.43927640914917,0.9554732203483581,0.2163620889186859,0.5256689786911011,0.7546795606613159
118,0.3295381873846054,0.2838213622570038,63.919625747203824,0.10179337263107299,0.0005920138326101174,1.346442433473255,0.14985911548137665,0.1562827080488205,0.1533658355474472,0.16153135895729065,0.27894315123558044,0.15074071288108826,6.078504467010498,0.9534239768981934,0.2184980809688568,0.5135626196861267,0.7498478293418884
119,0.3231240898370743,0.2922248914837837,50.69551429748535,0.09426176100969315,0.0005746846106673361,0.6597339435081396,0.14698103070259094,0.1547059714794159,0.15261194109916687,0.1544283628463745,0.27725309133529663,0.1515142023563385,5.772782993316651,0.9534034848213195,0.21617496013641357,0.5235632658004761,0.7553293108940125
120,0.3581898033618927,0.3179336965084076,62.494205474853516,0.09555272310972214,0.000557827057593822,0.6415476669956531,0.14030344784259796,0.1511847823858261,0.14866741001605988,0.14715567231178284,0.273914635181427,0.1467026174068451,6.282744240760803,0.9522083044052124,0.21236781775951385,0.5408084988594055,0.7644498944282532
121,0.3376685053110123,0.29144967943429945,65.5849594116211,0.09778826087713241,0.0005414485676695003,0.675834233074316,0.144291952252388,0.1528167426586151,0.1477004438638687,0.14880836009979248,0.2768278419971466,0.15132370591163635,6.899318599700928,0.9505962133407593,0.21293440461158752,0.538097620010376,0.7631112933158875
122,0.3533257573843002,0.33231520652770996,44.756751441955565,0.09485330134630203,0.0005255563250413665,0.48785624583251774,0.1412622481584549,0.1521809995174408,0.1562981754541397,0.15002493560314178,0.2731328010559082,0.14734295010566711,5.225395154953003,0.9528471827507019,0.21369853615760803,0.5348094701766968,0.7762085199356079
123,0.3483190268278122,0.32818478941917417,43.383743095397946,0.0956898182630539,0.0005101573005722803,0.7486665699897068,0.1470572054386139,0.15148290991783142,0.14718027412891388,0.14963723719120026,0.2803405225276947,0.1499256193637848,5.130781412124634,0.9483078837394714,0.21393832564353943,0.5353764295578003,0.7727965116500854
124,0.3041503936052322,0.2650360718369484,55.93220195770264,0.0968573272228241,0.0004952582487833167,0.8394685053000492,0.15564937889575958,0.1605874001979828,0.1662578284740448,0.1661882996559143,0.2756863236427307,0.15571483969688416,5.930310201644898,0.9683935284614563,0.2242206335067749,0.4840162396430969,0.7477367520332336
125,0.4191184461116791,0.39919048696756365,50.419898414611815,0.0942713350057602,0.0004808657048910086,3.314308392416154,0.14886438846588135,0.15121078491210938,0.1493203341960907,0.15365929901599884,0.2891673147678375,0.14824780821800232,5.398106622695923,0.9345777034759521,0.21875092387199402,0.5116915702819824,0.7467302083969116
126,0.362436842918396,0.2775403171777725,102.47580184936524,0.10174749344587326,0.0004669859819407847,0.19075996192571307,0.15296272933483124,0.15598900616168976,0.1545662134885788,0.1592184454202652,0.278362512588501,0.15227654576301575,7.611803245544434,0.9559308886528015,0.2192770540714264,0.5117568969726562,0.7609900236129761
127,0.2706881523132324,0.2451862320303917,40.321058654785155,0.09699496477842331,0.00045362516803786057,0.26951853352199706,0.14343534409999847,0.1503336876630783,0.1540164351463318,0.1556088924407959,0.27617207169532776,0.14905031025409698,5.282070302963257,0.9693462133407593,0.2169802486896515,0.520848274230957,0.7578078508377075
128,0.3402097046375275,0.2804120421409607,77.92707767486573,0.099117910861969,0.00044078912367679333,0.3332961655354926,0.1465422809123993,0.1523708999156952,0.153900146484375,0.15437884628772736,0.27555835247039795,0.15049181878566742,6.644630002975464,0.9573038816452026,0.21534809470176697,0.529678225517273,0.7629601359367371
129,0.3021880924701691,0.27429749965667727,45.22098236083984,0.10099360346794128,0.00042848347917087427,0.27031922682986725,0.14143379032611847,0.14850740134716034,0.1642085611820221,0.16227492690086365,0.28035324811935425,0.14530029892921448,5.127985239028931,0.960470187664032,0.21536442637443542,0.5295151472091675,0.7583039999008179
130,0.2884872019290924,0.2333720862865448,68.11116409301758,0.10341164767742157,0.00041671363218248933,0.17323302264724458,0.14789238572120667,0.154212087392807,0.15161432325839996,0.1543845236301422,0.2751828134059906,0.15109774470329285,6.85227336883545,0.9751385569572448,0.21470563113689423,0.5275629758834839,0.7445729970932007
131,0.3107085436582565,0.27037187069654467,57.44714584350586,0.09926716536283493,0.0004054847453555245,0.33215772287387935,0.14765243232250214,0.14990180730819702,0.15564998984336853,0.1527726650238037,0.2764025032520294,0.1476101577281952,5.373463296890259,0.9471534848213196,0.21256640553474426,0.5395251512527466,0.7576671838760376
132,0.30435622930526735,0.27976506650447847,43.23485069274902,0.09332823902368545,0.000394801744050861,1.102687442808279,0.12891826033592224,0.13382719457149506,0.15919296443462372,0.15520545840263367,0.2783094048500061,0.12859010696411133,5.337492609024048,0.957583737373352,0.20589418709278107,0.5671118497848511,0.7733999490737915
133,0.2973890081048012,0.27387741208076477,41.31140651702881,0.09587938040494919,0.0003846693141859468,0.5698218423474047,0.1344771534204483,0.13873444497585297,0.16395631432533264,0.15627817809581757,0.2797003388404846,0.13381707668304443,5.433333253860473,0.9496808886528015,0.2113286256790161,0.543135404586792,0.7580851316452026
134,0.31418442726135254,0.27727983593940736,55.24477996826172,0.09387804567813873,0.0003750919001794009,0.5563237769529223,0.13661786913871765,0.14061033725738525,0.15830224752426147,0.1546180546283722,0.2795402407646179,0.13810625672340393,6.2264021873474125,0.9612655520439148,0.2107960730791092,0.5483533143997192,0.7657196521759033
135,0.31704315841197966,0.28460835218429564,51.185784912109376,0.09709862768650054,0.0003660737030015429,0.5165313069841692,0.15190938115119934,0.15873104333877563,0.1765080690383911,0.17576870322227478,0.2763974368572235,0.15281443297863007,5.936505603790283,0.9487655520439148,0.22342714667320251,0.4928816854953766,0.7341789603233337
136,0.29073333740234375,0.26248506605625155,44.966729736328126,0.09530049264431,0.00035761867833170936,0.1671533904570554,0.13896338641643524,0.14829285442829132,0.16460415720939636,0.16654793918132782,0.2790811061859131,0.14161011576652527,5.65233268737793,0.9693462133407593,0.21488389372825623,0.5331916213035583,0.7564467191696167
137,0.35106568336486815,0.3173718571662903,55.4582633972168,0.09972751289606094,0.0003497305348231617,2.6233437691948245,0.13370876014232635,0.14140929281711578,0.15048100054264069,0.15054363012313843,0.2833178639411926,0.1387350857257843,6.07581262588501,0.9536425590515136,0.20799636840820312,0.5594092011451721,0.7670405507087708
138,0.2817038342356682,0.2625254034996033,35.87458267211914,0.0955640897154808,0.0003424127324763482,0.7695081285699936,0.14032915234565735,0.15191826224327087,0.16170328855514526,0.16378407180309296,0.2802174985408783,0.1488981395959854,5.029927206039429,0.964250636100769,0.2143607884645462,0.5334575176239014,0.7555207014083862
139,0.33656893074512484,0.3061724156141281,50.601505279541016,0.10412262678146363,0.00033566848112123374,2.255995323748461,0.15521618723869324,0.16084465384483337,0.16809780895709991,0.17204193770885468,0.2789826989173889,0.15873806178569794,5.780386972427368,0.9448685646057129,0.223830908536911,0.48192939162254333,0.7106975317001343
140,0.31886957585811615,0.258828429877758,76.16566047668456,0.09758332520723342,0.0003295007390093626,0.6621492157158043,0.14202357828617096,0.14812585711479187,0.15803425014019012,0.15806014835834503,0.27552515268325806,0.14523693919181824,6.290474271774292,0.9531848907470704,0.21209688484668732,0.5418813228607178,0.7594348788261414
141,0.34649636745452883,0.27159215360879896,92.29675121307373,0.0976667657494545,0.00032391221151627047,1.1403300171451909,0.14286227524280548,0.1527971774339676,0.15306970477104187,0.15711122751235962,0.2770443856716156,0.14857570827007294,7.324818181991577,0.9529458165168763,0.21365758776664734,0.5371994972229004,0.7619102001190186
142,0.2973326861858368,0.27069491893053055,43.71913585662842,0.09988123327493667,0.00031890534995481835,1.0255433595074075,0.15140868723392487,0.15518905222415924,0.15864036977291107,0.15845876932144165,0.2782185673713684,0.15554401278495789,5.284543704986572,0.9547391176223755,0.21879783272743225,0.515493631362915,0.756817638874054
143,0.29479444324970244,0.2465798944234848,63.0326732635498,0.0983987271785736,0.0003144823504999658,0.5576911857684276,0.13909421861171722,0.14782993495464325,0.15561851859092712,0.1608012467622757,0.27929505705833435,0.14706064760684967,6.219577693939209,0.9645304799079895,0.2133004367351532,0.5349202752113342,0.7483336329460144
144,0.3005164325237274,0.2463351607322693,68.15304069519043,0.1066175326704979,0.000310645153225455,0.36492842455793706,0.14674517512321472,0.1538884937763214,0.1612035036087036,0.1639045625925064,0.27720212936401367,0.14699110388755798,6.5946364402771,0.960111141204834,0.21635369956493378,0.5219966173171997,0.7464715242385864
145,0.2887456715106964,0.25154717862606046,52.434637451171874,0.09918580800294877,0.00030739544125283106,0.4168273668204035,0.13588789105415344,0.13978873193264008,0.15278133749961853,0.15323485434055328,0.27690455317497253,0.13994577527046204,5.477697134017944,0.960470187664032,0.20785489678382874,0.5556504130363464,0.757664680480957
146,0.32328829169273376,0.25774139165878296,81.28202590942382,0.1003900945186615,0.0003047346400131691,0.9966875137761235,0.1396869271993637,0.1465836465358734,0.1611398458480835,0.1622922718524933,0.27184635400772095,0.14104686677455902,7.18457727432251,0.954100227355957,0.2145835906267166,0.5268121361732483,0.7425069212913513
147,0.30384136736392975,0.2778414249420166,43.56524124145508,0.10218860805034638,0.0003026639166218334,0.9879406428496752,0.14556032419204712,0.1538696587085724,0.15880075097084045,0.1612437218427658,0.2735944390296936,0.15175147354602814,5.344934821128845,0.9554732203483581,0.21763308346271515,0.520302951335907,0.7523447871208191
148,0.30775493681430816,0.2701507478952408,54.854148864746094,0.09765103310346604,0.0003011841793665412,0.6567851207551679,0.13793250918388367,0.14411500096321106,0.1488138735294342,0.1524965465068817,0.2747274339199066,0.13862934708595276,6.440921592712402,0.9677954077720642,0.20851361751556396,0.556041419506073,0.7650565505027771
149,0.37449427843093874,0.33820789456367495,60.56236906051636,0.09544801265001297,0.0003002960773089586,2.293994968091803,0.14285342395305634,0.14638078212738037,0.14808888733386993,0.1500989943742752,0.2739139497280121,0.146968811750412,5.97414755821228,0.936828875541687,0.2119305431842804,0.5435670018196106,0.7637505531311035
150,0.32395618557929995,0.29997760206460955,44.46442565917969,0.0951191321015358,0.0003,1.497093963104167,0.13872066140174866,0.14560481905937195,0.1441076099872589,0.14658595621585846,0.27135834097862244,0.14497143030166626,5.502379131317139,0.9460195541381836,0.20945703983306885,0.5529784560203552,0.763602077960968
