task_id,task_name,g1_labor,g1_material,g1_subcontract,g1_fuel,g1_qa_qc,g2_training,g2_space,g2_communication,g2_utility,g4_insurance,g4_license,g4_warranty,g5_complexity,g5_weather,g5_contingency,g5_rework,g6_storage,g6_int_transport,g6_handling,g6_recovery,g7_dur_months,g7_dur_weeks,g7_dur_days,g7_dur_hours,g7_ot_hours
1,"Installation of power generators, lighting, toilets, fencing,  supply of concrete and wooden partition",1920.0,0.0,0.0,0.0,0.0,0.0,2000.0,0.0,0.0,0.0,0.0,0.0,0.2,0.0,0.2,0.0,0.0,0.0,0.0,0.0,0,0,2.0,16.0,0.0
2,Remove railing and platforms,1280.0,0.0,3500.0,0.0,0.0,0.0,0.0,0.0,0.0,0.0,0.0,0.0,0.2,0.0,0.2,0.0,0.0,0.0,0.0,0.0,0,0,2.0,16.0,0.0
3,"preliminary works at gates (loosing hinges, disconnect hinges, hydraulics, anchorage points)",960.0,4500.0,0.0,0.0,0.0,0.0,0.0,0.0,0.0,0.0,0.0,0.0,0.3,0.0,0.1,0.0,0.0,0.0,0.0,0.0,0,0,1.0,8.0,0.0
4,Sealing canal lock gates at other side and overflow sewers,640.0,2000.0,0.0,0.0,0.0,0.0,0.0,0.0,0.0,0.0,0.0,0.0,0.2,0.0,0.2,0.0,0.0,0.0,0.0,0.0,0,0,1.0,8.0,0.0
5,Placing of concrete partition + Placing of wooden partition,960.0,4800.0,0.0,0.0,0.0,0.0,0.0,0.0,0.0,0.0,0.0,0.0,0.3,0.0,0.1,0.0,0.0,0.0,0.0,0.0,0,0,1.0,8.0,0.0
6,Installing pumps,640.0,2500.0,0.0,0.0,0.0,0.0,0.0,0.0,0.0,0.0,0.0,0.0,0.2,0.0,0.2,0.0,0.0,0.0,0.0,0.0,0,0,1.0,8.0,0.0
7,Check safety wooden partition + Check safety concrete partition,960.0,1100.0,0.0,0.0,0.0,0.0,0.0,0.0,0.0,0.0,0.0,0.0,0.2,0.0,0.2,0.0,0.0,0.0,0.0,0.0,0,0,1.0,8.0,0.0
30,End Of Preparation/Start Restoration of lock head,0.0,0.0,0.0,0.0,0.0,0.0,0.0,0.0,0.0,0.0,0.0,0.0,0.2,0.0,0.2,0.0,0.0,0.0,0.0,0.0,0,0,0.0,0.0,0.0
8,Remove gates,640.0,0.0,19300.0,0.0,0.0,0.0,0.0,0.0,0.0,0.0,0.0,0.0,0.3,0.0,0.1,0.0,0.0,0.0,0.0,0.0,0,0,1.0,8.0,0.0
9,Remove hinges,960.0,0.0,2000.0,0.0,0.0,0.0,0.0,0.0,0.0,0.0,0.0,0.0,0.3,0.0,0.1,0.0,0.0,0.0,0.0,0.0,0,0,1.0,8.0,0.0
10,Pumping lock chamber completely dry,640.0,1500.0,0.0,0.0,0.0,0.0,0.0,0.0,0.0,0.0,0.0,0.0,0.2,0.0,0.2,0.0,0.0,0.0,0.0,0.0,0,0,1.0,8.0,0.0
11,Cleaning lock floor,320.0,0.0,2300.0,0.0,0.0,0.0,0.0,0.0,0.0,0.0,0.0,0.0,0.2,0.0,0.2,0.0,0.0,0.0,0.0,0.0,0,0,1.0,8.0,0.0
12,supply concrete blocks (to prevent the floor comes up),320.0,9400.0,0.0,0.0,0.0,0.0,0.0,0.0,0.0,0.0,0.0,0.0,0.2,0.0,0.2,0.0,0.0,0.0,0.0,0.0,0,0,1.0,8.0,0.0
13,placing concrete blocks,640.0,2500.0,0.0,0.0,0.0,0.0,0.0,0.0,0.0,0.0,0.0,0.0,0.3,0.0,0.1,0.0,0.0,0.0,0.0,0.0,0,0,1.0,8.0,0.0
14,Cleaning walls and threshold,320.0,0.0,3530.0,0.0,0.0,0.0,0.0,0.0,0.0,0.0,0.0,0.0,0.2,0.0,0.2,0.0,0.0,0.0,0.0,0.0,0,0,1.0,8.0,0.0
15,Installing stairs in lock chamber,960.0,3200.0,0.0,0.0,0.0,0.0,0.0,0.0,0.0,0.0,0.0,0.0,0.2,0.0,0.2,0.0,0.0,0.0,0.0,0.0,0,0,1.0,8.0,0.0
16,"Replacing hinges, pivot shoes and pivots",960.0,9400.0,0.0,0.0,0.0,0.0,0.0,0.0,0.0,0.0,0.0,0.0,0.3,0.0,0.1,0.0,0.0,0.0,0.0,0.0,0,0,1.0,8.0,0.0
17,Cleaning lock head,960.0,0.0,3000.0,0.0,0.0,0.0,0.0,0.0,0.0,0.0,0.0,0.0,0.2,0.0,0.2,0.0,0.0,0.0,0.0,0.0,0,0,3.0,24.0,0.0
18,Reparing walls,1280.0,2900.0,0.0,0.0,0.0,0.0,0.0,0.0,0.0,0.0,0.0,0.0,0.2,0.0,0.2,0.0,0.0,0.0,0.0,0.0,0,0,2.0,16.0,0.0
31,End Restoration of lock head/Start Installing new gates,0.0,0.0,0.0,0.0,0.0,0.0,0.0,0.0,0.0,0.0,0.0,0.0,0.2,0.0,0.2,0.0,0.0,0.0,0.0,0.0,0,0,0.0,0.0,0.0
19,Transport of gates to the site,320.0,0.0,0.0,0.0,0.0,0.0,0.0,0.0,0.0,0.0,0.0,0.0,0.3,0.0,0.1,0.0,0.0,5550.0,0.0,0.0,0,0,1.0,8.0,0.0
20,Put gates in place,960.0,24000.0,0.0,0.0,0.0,0.0,0.0,0.0,0.0,0.0,0.0,0.0,0.3,0.0,0.1,0.0,0.0,0.0,0.0,0.0,0,0,1.0,8.0,0.0
21,"Adjusting gates (Tightening hinges , front beams, sealing, anchorage points)",640.0,8000.0,0.0,0.0,0.0,0.0,0.0,0.0,0.0,0.0,0.0,0.0,0.3,0.0,0.1,0.0,0.0,0.0,0.0,0.0,0,0,1.0,8.0,0.0
22,Installing railing,640.0,2200.0,0.0,0.0,0.0,0.0,0.0,0.0,0.0,0.0,0.0,0.0,0.2,0.0,0.2,0.0,0.0,0.0,0.0,0.0,0,0,1.0,8.0,0.0
23,preliminary works at threshold,640.0,2500.0,0.0,0.0,0.0,0.0,0.0,0.0,0.0,0.0,0.0,0.0,0.2,0.0,0.2,0.0,0.0,0.0,0.0,0.0,0,0,1.0,8.0,0.0
24,Repairing threshold,1920.0,3300.0,0.0,0.0,0.0,0.0,0.0,0.0,0.0,0.0,0.0,0.0,0.2,0.0,0.2,0.0,0.0,0.0,0.0,0.0,0,0,2.0,16.0,0.0
25,Install platforms,1280.0,4200.0,0.0,0.0,0.0,0.0,0.0,0.0,0.0,0.0,0.0,0.0,0.2,0.0,0.2,0.0,0.0,0.0,0.0,0.0,0,0,2.0,16.0,0.0
26,Installing ladder,1280.0,5200.0,0.0,0.0,0.0,0.0,0.0,0.0,0.0,0.0,0.0,0.0,0.2,0.0,0.2,0.0,0.0,0.0,0.0,0.0,0,0,2.0,16.0,0.0
32,End Installing new gates/ Start Termination,0.0,0.0,0.0,0.0,0.0,0.0,0.0,0.0,0.0,0.0,0.0,0.0,0.2,0.0,0.2,0.0,0.0,0.0,0.0,0.0,0,0,0.0,0.0,0.0
27,Remove concrete blocks,960.0,0.0,2500.0,0.0,0.0,0.0,0.0,0.0,0.0,0.0,0.0,0.0,0.2,0.0,0.2,0.0,0.0,0.0,0.0,0.0,0,0,1.0,8.0,0.0
28,Remove concrete and wooden partition,960.0,0.0,3600.0,0.0,0.0,0.0,0.0,0.0,0.0,0.0,0.0,0.0,0.2,0.0,0.2,0.0,0.0,0.0,0.0,0.0,0,0,1.0,8.0,0.0
29,Cleaning site,960.0,0.0,3600.0,0.0,0.0,0.0,0.0,0.0,0.0,0.0,0.0,0.0,0.2,0.0,0.2,0.0,0.0,0.0,0.0,0.0,0,0,1.0,8.0,0.0
